pickup_datetime,dropoff_datetime,trip_duration,trip_distance,total_amount,max_precipitation,avg_temperature
2016-05-28 11:02:02,2016-05-28 11:40:07,2285.0,17.23,70.01,0.0,29.1
2016-06-27 05:32:23,2016-06-27 06:01:36,1753.0,17.85,72.92,0.0,20.283333333333335
2016-06-10 13:11:06,2016-06-10 14:23:19,4333.0,18.06,70.01,0.0,19.616666666666667
2016-05-08 14:34:09,2016-05-08 15:29:25,3316.0,17.2,58.34,0.0,18.25
2016-05-06 10:32:09,2016-05-06 11:35:04,3775.0,17.8,58.34,27.48,7.525
2016-06-28 16:45:02,2016-06-28 18:07:04,4922.0,19.1,62.84,0.0,20.14666666666667
2016-06-17 07:07:36,2016-06-17 07:50:41,2585.0,17.79,70.01,0.0,21.3
2016-05-26 17:43:27,2016-05-26 19:40:45,7038.0,23.7,62.84,0.0,20.533333333333335
2016-05-21 04:20:27,2016-05-21 04:54:29,2042.0,18.1,58.34,0.0,10.0
2016-05-20 14:49:56,2016-05-20 16:09:29,4773.0,16.2,58.34,0.0,23.144444444444446
2016-06-17 18:33:06,2016-06-17 19:55:27,4941.0,16.3,62.84,0.0,16.4
2016-05-24 16:29:20,2016-05-24 18:08:57,5977.0,21.79,62.84,0.0,19.022222222222222
2016-05-11 13:56:00,2016-05-11 15:03:04,4024.0,0.0,70.0,0.0,19.488888888888887
2016-06-02 21:03:09,2016-06-02 21:44:57,2508.0,16.9,52.8,0.0,13.475
2016-06-13 15:04:31,2016-06-13 16:01:36,3425.0,16.7,58.34,0.0,22.85
2016-05-13 15:50:03,2016-05-13 17:35:10,6307.0,15.9,52.8,2.99,8.38
2016-05-14 10:56:40,2016-05-14 11:31:39,2099.0,17.17,70.01,0.0,21.4
2016-06-10 18:00:51,2016-06-10 19:11:27,4236.0,16.3,57.3,0.0,20.1
2016-05-19 10:04:58,2016-05-19 10:51:30,2792.0,17.4,58.34,0.0,18.333333333333332
2016-06-26 09:02:54,2016-06-26 09:36:01,1987.0,17.5,58.34,0.0,9.066666666666666
2016-05-27 08:25:34,2016-05-27 09:21:26,3352.0,0.0,69.99,0.0,24.066666666666666
2016-06-02 09:53:21,2016-06-02 10:33:36,2415.0,17.11,58.34,0.0,15.114285714285714
2016-05-09 09:09:55,2016-05-09 09:52:36,2561.0,17.27,58.34,0.0,16.866666666666667
2016-06-14 05:36:54,2016-06-14 06:08:06,1872.0,18.2,69.99,0.0,10.666666666666666
2016-06-11 13:47:20,2016-06-11 14:27:38,2418.0,17.75,66.34,0.0,26.2
2016-06-20 11:50:09,2016-06-20 12:34:59,2690.0,0.0,61.34,0.0,25.466666666666665
2016-05-06 18:08:46,2016-05-06 19:04:17,3331.0,17.32,75.41,0.0,8.1875
2016-05-17 05:37:55,2016-05-17 06:08:06,1811.0,17.6,75.84,0.0,4.433333333333334
2016-06-13 06:24:16,2016-06-13 06:58:19,2043.0,16.3,69.99,0.0,15.2
2016-06-16 03:11:39,2016-06-16 03:47:25,2146.0,17.5,52.8,0.29,14.633333333333333
2016-06-30 06:44:15,2016-06-30 07:28:44,2669.0,17.4,69.99,0.0,18.7
2016-05-25 20:17:33,2016-05-25 21:00:09,2556.0,0.0,70.01,0.0,26.4
2016-05-26 04:57:41,2016-05-26 05:23:45,1564.0,16.91,58.34,0.0,20.633333333333333
2016-05-20 07:36:06,2016-05-20 08:32:54,3408.0,17.35,70.01,0.0,13.35
2016-06-10 17:01:23,2016-06-10 18:12:42,4279.0,15.5,75.41,0.0,17.7
2016-05-13 15:38:51,2016-05-13 17:47:28,7717.0,15.4,66.0,2.99,8.38
2016-06-27 13:42:37,2016-06-27 14:49:05,3988.0,17.32,63.36,0.0,27.133333333333333
2016-06-25 18:08:19,2016-06-25 18:59:30,3071.0,17.13,72.92,0.0,24.633333333333333
2016-05-14 15:21:43,2016-05-14 16:24:52,3789.0,17.43,70.01,0.0,10.628571428571428
2016-05-07 14:23:03,2016-05-07 15:10:31,2848.0,17.8,58.34,0.0,13.1
2016-05-21 08:04:24,2016-05-21 08:31:28,1624.0,17.7,65.34,0.0,11.133333333333333
2016-05-15 08:04:11,2016-05-15 08:31:00,1609.0,17.92,58.34,0.0,12.2
2016-06-07 16:06:28,2016-06-07 17:37:47,5479.0,17.62,62.84,0.29,21.5
2016-06-07 16:31:16,2016-06-07 17:52:32,4876.0,17.99,72.84,0.29,21.5
2016-05-16 09:04:59,2016-05-16 09:46:44,2505.0,16.6,58.34,0.0,5.3
2016-05-14 15:14:26,2016-05-14 16:30:52,4586.0,18.5,68.34,0.0,10.628571428571428
2016-06-03 05:28:24,2016-06-03 05:57:52,1768.0,16.8,67.34,0.0,17.866666666666667
2016-06-09 17:22:45,2016-06-09 18:31:20,4115.0,17.2,72.84,0.0,22.071428571428573
2016-05-05 18:08:05,2016-05-05 19:14:31,3986.0,15.9,68.76,0.0,11.3875
2016-05-13 14:16:27,2016-05-13 15:31:22,4495.0,17.08,70.01,2.11,9.37
2016-06-06 16:30:20,2016-06-06 17:56:57,5197.0,19.74,68.76,0.0,22.883333333333333
2016-06-27 12:49:35,2016-06-27 13:26:29,2214.0,17.1,58.34,0.0,27.233333333333334
2016-05-15 14:19:38,2016-05-15 15:28:49,4151.0,23.1,58.34,0.0,8.7
2016-06-12 16:24:03,2016-06-12 17:10:18,2775.0,0.0,58.34,0.0,18.625
2016-05-16 20:04:23,2016-05-16 20:43:24,2341.0,16.91,58.34,0.0,17.6
2016-05-09 06:05:26,2016-05-09 06:46:44,2478.0,17.68,62.0,0.0,12.766666666666667
2016-06-17 07:12:37,2016-06-17 07:56:11,2614.0,17.4,63.34,0.0,21.3
2016-06-06 20:09:26,2016-06-06 20:44:03,2077.0,18.33,58.34,0.0,25.566666666666666
2016-05-22 09:50:21,2016-05-22 10:20:04,1783.0,17.6,63.89,0.0,10.666666666666666
2016-05-20 14:30:53,2016-05-20 15:45:52,4499.0,18.1,58.34,0.0,23.233333333333334
2016-06-14 11:23:30,2016-06-14 12:02:38,2348.0,17.4,58.34,0.0,22.95
2016-06-21 13:48:44,2016-06-21 14:40:32,3108.0,17.28,58.34,0.0,25.266666666666666
2016-06-22 13:38:36,2016-06-22 14:50:57,4341.0,18.82,58.34,0.0,30.183333333333334
2016-05-08 04:24:02,2016-05-08 04:47:24,1402.0,17.3,69.99,0.0,1.4833333333333334
2016-06-19 15:13:02,2016-06-19 16:18:51,3949.0,17.9,68.34,0.0,21.216666666666665
2016-05-31 18:45:21,2016-05-31 20:03:04,4663.0,0.0,83.34,0.0,23.27777777777778
2016-05-10 16:20:30,2016-05-10 17:21:36,3666.0,17.1,62.84,0.0,15.466666666666667
2016-05-09 11:47:18,2016-05-09 12:23:17,2159.0,17.56,70.01,0.0,21.4
2016-06-05 18:07:57,2016-06-05 19:01:57,3240.0,17.4,63.35,45.6,12.814285714285715
2016-06-15 05:38:21,2016-06-15 06:02:41,1460.0,15.5,58.34,0.0,18.883333333333333
2016-05-18 14:28:49,2016-05-18 15:18:26,2977.0,16.63,70.01,0.0,13.2
2016-06-22 17:43:47,2016-06-22 18:49:14,3927.0,16.92,75.41,0.0,24.166666666666668
2016-05-11 14:30:59,2016-05-11 15:27:20,3381.0,20.23,58.34,0.0,18.5
2016-05-08 15:09:05,2016-05-08 16:09:43,3638.0,16.94,58.34,0.0,18.166666666666668
2016-05-28 20:31:27,2016-05-28 21:03:47,1940.0,17.71,72.92,0.0,25.466666666666665
2016-05-22 17:07:47,2016-05-22 17:52:58,2711.0,17.55,58.34,0.0,12.233333333333333
2016-05-09 01:07:48,2016-05-09 01:34:49,1621.0,18.3,58.34,0.0,12.966666666666667
2016-05-13 06:21:47,2016-05-13 06:59:50,2283.0,17.8,69.99,0.0,11.275
2016-06-26 09:00:20,2016-06-26 09:32:40,1940.0,16.2,63.34,0.0,9.066666666666666
2016-06-21 16:59:50,2016-06-21 18:19:16,4766.0,17.3,62.84,0.0,24.677777777777777
2016-05-29 07:35:58,2016-05-29 08:01:25,1527.0,17.1,69.99,0.0,15.55
2016-05-06 20:25:27,2016-05-06 21:04:23,2336.0,17.97,70.01,0.0,6.666666666666667
2016-05-15 05:35:11,2016-05-15 06:07:45,1954.0,18.65,60.8,0.0,6.28
2016-05-27 16:55:20,2016-05-27 18:06:07,4247.0,16.9,75.39,0.0,24.877777777777776
2016-06-01 07:45:17,2016-06-01 08:27:50,2553.0,22.71,70.01,0.0,23.9
2016-05-25 08:50:19,2016-05-25 09:39:57,2978.0,17.36,58.34,0.0,22.866666666666667
2016-05-09 12:57:47,2016-05-09 13:34:32,2205.0,16.39,58.34,0.0,22.033333333333335
2016-06-16 15:04:27,2016-06-16 16:18:03,4416.0,16.39,70.01,0.0,18.25
2016-05-27 16:14:33,2016-05-27 17:28:02,4409.0,17.6,62.84,0.0,25.083333333333332
2016-05-31 18:09:29,2016-05-31 19:22:03,4354.0,18.3,69.3,0.0,23.533333333333335
2016-05-18 16:03:38,2016-05-18 17:10:05,3987.0,0.0,72.84,0.0,12.075
2016-05-03 04:21:54,2016-05-03 04:51:30,1776.0,16.8,69.99,3.97,8.428571428571429
2016-05-11 14:20:49,2016-05-11 15:24:33,3824.0,17.2,58.34,0.0,18.5
2016-06-11 15:30:52,2016-06-11 16:15:05,2653.0,0.0,60.34,0.0,28.9
2016-06-22 04:59:03,2016-06-22 05:28:46,1783.0,17.9,63.36,0.0,14.0
2016-05-16 13:58:00,2016-05-16 14:40:42,2562.0,22.36,70.0,0.0,16.95
2016-05-20 15:46:42,2016-05-20 17:13:20,5198.0,17.73,72.92,0.0,20.255555555555556
2016-05-10 08:49:44,2016-05-10 09:43:30,3226.0,16.9,52.8,0.0,8.983333333333333
2016-06-09 14:41:51,2016-06-09 15:42:27,3636.0,16.08,75.84,0.0,19.0375
2016-05-21 10:42:53,2016-05-21 11:08:50,1557.0,16.2,58.34,0.0,13.9
2016-05-12 08:13:50,2016-05-12 09:06:28,3158.0,17.45,70.01,0.0,15.916666666666666
2016-06-13 11:26:37,2016-06-13 12:43:17,4600.0,19.4,58.34,0.0,18.166666666666668
2016-05-19 22:17:14,2016-05-19 23:22:15,3901.0,17.3,68.84,0.0,6.3
2016-06-09 12:48:24,2016-06-09 13:33:32,2708.0,17.28,70.01,0.0,14.82857142857143
2016-05-04 21:27:30,2016-05-04 22:03:11,2141.0,16.8,58.34,0.0,4.271428571428571
2016-06-30 06:25:01,2016-06-30 07:07:43,2562.0,17.9,66.0,0.0,18.7
2016-06-16 15:42:07,2016-06-16 17:36:03,6836.0,17.2,66.8,0.0,19.57777777777778
2016-06-11 14:13:40,2016-06-11 14:57:23,2623.0,17.44,63.36,0.0,26.466666666666665
2016-05-06 14:58:13,2016-05-06 16:29:10,5457.0,17.3,60.56,0.0,11.56
2016-06-04 05:11:38,2016-06-04 05:39:26,1668.0,17.3,63.35,0.0,12.966666666666667
2016-05-19 18:02:22,2016-05-19 18:59:38,3436.0,16.7,67.84,0.0,15.9
2016-06-18 12:59:17,2016-06-18 14:07:23,4086.0,17.45,58.34,0.0,12.466666666666667
2016-05-26 11:08:52,2016-05-26 12:09:46,3654.0,16.7,58.34,0.0,24.816666666666666
2016-05-25 05:46:12,2016-05-25 06:15:52,1780.0,17.23,70.01,0.0,14.083333333333334
2016-05-30 15:23:59,2016-05-30 16:06:23,2544.0,17.7,58.34,0.0,8.475
2016-05-23 21:41:44,2016-05-23 22:12:31,1847.0,17.29,66.34,0.0,17.7
2016-05-08 06:53:32,2016-05-08 07:22:27,1735.0,17.44,70.01,3.28,4.5
2016-06-18 13:03:21,2016-06-18 13:51:00,2859.0,17.6,58.34,0.0,9.8
2016-05-09 19:37:29,2016-05-09 20:17:21,2392.0,16.8,70.84,0.0,18.966666666666665
2016-06-03 19:50:23,2016-06-03 20:33:31,2588.0,17.9,64.84,0.0,16.2
2016-06-30 07:23:54,2016-06-30 08:11:25,2851.0,18.01,70.01,0.0,23.233333333333334
2016-05-21 13:56:16,2016-05-21 14:39:15,2579.0,17.1,69.99,0.0,17.316666666666666
2016-05-30 08:29:38,2016-05-30 08:54:17,1479.0,17.4,58.34,0.42,5.2125
2016-06-21 14:23:42,2016-06-21 15:19:46,3364.0,17.36,78.36,0.0,20.283333333333335
2016-05-31 06:10:05,2016-05-31 06:43:06,1981.0,18.3,58.34,0.0,12.78
2016-05-09 19:24:10,2016-05-09 20:07:00,2570.0,16.85,78.55,0.0,18.966666666666665
2016-05-17 18:30:22,2016-05-17 19:37:57,4055.0,16.27,57.3,0.0,9.67142857142857
2016-06-09 08:22:48,2016-06-09 09:04:39,2511.0,16.5,69.99,0.0,10.885714285714286
2016-06-24 18:29:15,2016-06-24 19:27:34,3499.0,17.57,71.62,0.0,23.8
2016-05-14 15:05:46,2016-05-14 16:13:54,4088.0,17.76,70.01,0.0,10.628571428571428
2016-05-04 18:40:47,2016-05-04 19:51:03,4216.0,17.6,75.39,0.0,3.23
2016-06-03 08:17:05,2016-06-03 09:09:34,3149.0,16.88,72.92,0.79,16.369230769230768
2016-05-24 18:24:10,2016-05-24 19:22:41,3511.0,17.8,78.55,0.0,17.616666666666667
2016-05-09 14:57:35,2016-05-09 16:09:05,4290.0,18.01,58.34,0.0,22.11111111111111
2016-06-23 20:25:52,2016-06-23 21:01:57,2165.0,16.4,58.34,0.0,23.333333333333332
2016-05-17 04:26:03,2016-05-17 04:55:18,1755.0,18.34,52.8,0.0,4.633333333333333
2016-06-07 10:43:47,2016-06-07 11:47:41,3834.0,17.59,52.8,0.0,26.75
2016-06-05 12:59:03,2016-06-05 13:59:07,3604.0,18.05,70.01,7.65,13.92142857142857
2016-06-25 15:50:12,2016-06-25 16:46:56,3404.0,17.66,65.34,0.0,26.95
2016-06-23 11:01:38,2016-06-23 11:57:51,3373.0,17.5,72.89,0.0,15.9
2016-05-05 05:03:21,2016-05-05 05:34:48,1887.0,18.1,58.34,0.0,8.42
2016-05-01 11:26:38,2016-05-01 12:05:00,2302.0,17.3,72.92,1.62,7.04
2016-05-15 12:42:54,2016-05-15 13:44:44,3710.0,17.1,60.34,0.0,9.214285714285714
2016-05-29 17:02:54,2016-05-29 17:39:17,2183.0,17.18,70.01,0.0,23.5
2016-06-29 13:37:20,2016-06-29 14:28:46,3086.0,16.7,69.99,0.0,28.6
2016-06-29 04:32:12,2016-06-29 04:59:15,1623.0,17.56,58.34,0.0,20.733333333333334
2016-06-03 14:31:04,2016-06-03 15:25:52,3288.0,14.41,68.34,0.0,8.644444444444444
2016-06-14 13:57:54,2016-06-14 14:44:39,2805.0,16.58,70.01,0.0,21.2
2016-06-29 14:18:58,2016-06-29 15:20:11,3673.0,15.91,70.01,0.0,23.983333333333334
2016-06-25 11:32:32,2016-06-25 12:15:24,2572.0,17.7,58.34,0.0,22.516666666666666
2016-05-09 11:31:44,2016-05-09 12:09:56,2292.0,17.73,58.34,0.0,21.4
2016-05-22 13:54:22,2016-05-22 14:46:40,3138.0,18.15,68.64,0.0,13.533333333333333
2016-06-23 12:18:57,2016-06-23 13:08:51,2994.0,16.91,58.34,0.0,21.2
2016-06-16 05:21:13,2016-06-16 05:53:52,1959.0,0.0,72.89,0.29,6.3
2016-05-26 05:43:31,2016-05-26 06:15:08,1897.0,18.1,72.94,0.0,20.816666666666666
2016-06-05 18:51:30,2016-06-05 19:38:42,2832.0,17.58,58.34,45.6,12.814285714285715
2016-06-11 16:01:29,2016-06-11 16:58:23,3414.0,19.58,52.8,0.0,29.266666666666666
2016-06-15 10:23:24,2016-06-15 11:15:35,3131.0,16.8,58.34,0.0,25.833333333333332
2016-06-15 11:15:25,2016-06-15 12:11:24,3359.0,17.72,72.92,0.0,26.866666666666667
2016-06-01 06:24:10,2016-06-01 06:55:19,1869.0,17.4,69.99,0.0,21.866666666666667
2016-06-27 15:55:10,2016-06-27 17:07:05,4315.0,14.7,58.34,0.0,18.5
2016-05-10 07:21:37,2016-05-10 08:07:17,2740.0,17.8,69.99,0.0,12.516666666666667
2016-05-30 08:07:56,2016-05-30 08:36:50,1734.0,17.9,58.34,0.42,5.2125
2016-05-22 16:09:20,2016-05-22 17:07:39,3499.0,21.72,70.01,0.0,12.316666666666666
2016-05-12 13:39:37,2016-05-12 14:30:16,3039.0,15.8,69.99,0.0,22.56
2016-06-23 05:11:37,2016-06-23 05:43:04,1887.0,18.3,63.35,0.0,14.266666666666667
2016-06-18 12:16:00,2016-06-18 12:59:59,2639.0,17.1,68.34,0.0,19.066666666666666
2016-06-18 22:03:10,2016-06-18 22:44:09,2459.0,17.5,69.99,0.0,15.2
2016-05-21 15:26:58,2016-05-21 16:09:36,2558.0,17.2,72.89,0.0,16.85
2016-05-01 14:48:40,2016-05-01 15:51:59,3799.0,17.86,70.01,0.29,6.044444444444444
2016-06-20 07:48:41,2016-06-20 08:38:30,2989.0,16.95,68.34,0.0,21.483333333333334
2016-06-14 06:43:40,2016-06-14 07:16:23,1963.0,17.26,58.34,0.0,13.9
2016-05-13 15:28:44,2016-05-13 17:20:41,6717.0,17.5,58.34,2.99,8.38
2016-05-08 10:48:03,2016-05-08 11:17:51,1788.0,17.82,70.01,0.0,9.954545454545455
2016-06-09 07:17:37,2016-06-09 08:06:36,2939.0,21.9,68.34,0.0,11.914285714285715
2016-06-30 17:20:29,2016-06-30 18:23:23,3774.0,0.0,87.84,0.0,22.316666666666666
2016-06-17 15:39:54,2016-06-17 17:28:22,6508.0,17.34,58.34,0.0,18.07777777777778
2016-06-04 16:58:54,2016-06-04 18:00:43,3709.0,17.7,52.8,0.0,21.288888888888888
2016-06-17 11:05:29,2016-06-17 11:50:11,2682.0,17.1,70.0,0.0,23.3
2016-06-09 12:11:20,2016-06-09 12:45:05,2025.0,15.77,70.01,0.0,10.125
2016-06-07 14:28:17,2016-06-07 15:21:14,3177.0,16.45,70.01,0.0,23.67142857142857
2016-05-24 17:12:02,2016-05-24 18:09:44,3462.0,16.29,62.84,0.0,17.7
2016-05-30 14:13:58,2016-05-30 14:55:04,2466.0,17.3,60.8,0.0,25.0
2016-06-10 18:05:04,2016-06-10 19:23:03,4679.0,17.6,70.84,0.0,20.1
2016-06-21 12:45:24,2016-06-21 13:37:58,3154.0,18.4,60.8,0.0,24.516666666666666
2016-06-08 14:04:49,2016-06-08 15:33:11,5302.0,16.44,58.34,9.35,9.744444444444444
2016-05-15 06:35:34,2016-05-15 06:59:32,1438.0,17.4,69.99,0.0,10.466666666666667
2016-06-18 12:01:07,2016-06-18 13:02:17,3670.0,16.95,58.34,0.0,14.433333333333334
2016-05-05 15:11:56,2016-05-05 16:23:52,4316.0,17.4,58.34,0.0,13.6
2016-06-13 03:43:44,2016-06-13 04:08:09,1465.0,17.6,64.34,0.0,7.6
2016-05-30 13:01:58,2016-05-30 13:35:11,1993.0,0.0,69.99,0.0,25.9
2016-05-22 11:10:57,2016-05-22 11:38:57,1680.0,16.56,72.92,0.0,18.7
2016-05-20 12:00:37,2016-05-20 12:40:27,2390.0,17.2,66.34,0.0,22.6
2016-06-15 16:07:33,2016-06-15 18:01:06,6813.0,18.7,68.75,0.0,22.58888888888889
2016-06-22 09:02:28,2016-06-22 09:44:57,2549.0,0.0,69.99,0.0,17.766666666666666
2016-05-12 07:40:53,2016-05-12 08:27:03,2770.0,21.9,58.34,0.0,14.716666666666667
2016-06-19 09:07:44,2016-06-19 09:32:02,1458.0,17.24,58.34,0.0,15.933333333333334
2016-06-12 11:45:14,2016-06-12 12:14:03,1729.0,17.1,68.34,0.0,18.433333333333334
2016-05-19 15:08:59,2016-05-19 16:34:51,5152.0,21.93,70.01,0.0,17.4
2016-06-23 14:54:56,2016-06-23 16:47:07,6731.0,18.8,68.6,0.0,23.77777777777778
2016-05-12 13:15:02,2016-05-12 14:15:17,3615.0,16.9,58.34,0.0,22.56
2016-05-25 15:04:42,2016-05-25 16:05:10,3628.0,16.2,65.34,0.0,15.633333333333333
2016-06-09 11:13:01,2016-06-09 11:50:16,2235.0,0.0,52.8,0.0,12.4
2016-06-16 11:21:12,2016-06-16 12:01:35,2423.0,17.1,69.99,0.0,21.75
2016-06-22 06:17:20,2016-06-22 06:46:11,1731.0,16.9,65.34,0.0,21.3
2016-06-18 05:38:34,2016-06-18 06:03:51,1517.0,16.88,72.92,0.0,17.7
2016-06-06 13:45:49,2016-06-06 14:34:20,2911.0,22.04,58.34,0.0,28.233333333333334
2016-05-08 17:06:07,2016-05-08 17:56:25,3018.0,17.45,72.92,0.0,17.8
2016-06-29 15:13:34,2016-06-29 16:08:17,3283.0,17.1,70.01,0.0,24.45
2016-05-19 12:35:27,2016-05-19 13:02:11,1604.0,16.6,67.34,0.0,19.85
2016-06-24 15:15:31,2016-06-24 16:33:23,4672.0,15.77,70.01,0.0,26.966666666666665
2016-05-20 18:20:22,2016-05-20 19:21:34,3672.0,16.9,75.39,0.0,12.6
2016-06-11 11:54:47,2016-06-11 12:30:29,2142.0,17.01,63.36,0.0,19.983333333333334
2016-06-02 19:12:00,2016-06-02 20:11:19,3559.0,17.72,57.3,0.0,14.3
2016-05-30 13:09:07,2016-05-30 13:41:04,1917.0,18.2,69.99,0.0,25.9
2016-05-17 06:02:02,2016-05-17 06:36:57,2095.0,17.3,58.34,0.0,4.433333333333334
2016-05-09 10:55:32,2016-05-09 11:31:01,2129.0,16.8,68.34,0.0,20.0
2016-06-12 15:17:49,2016-06-12 16:10:57,3188.0,17.83,58.34,0.0,19.5875
2016-05-11 14:30:12,2016-05-11 15:43:32,4400.0,17.1,69.99,0.0,18.5
2016-05-27 14:55:05,2016-05-27 16:37:49,6164.0,16.5,75.84,0.0,25.31111111111111
2016-06-19 17:41:14,2016-06-19 18:43:35,3741.0,17.6,58.34,0.0,23.25
2016-06-12 06:29:54,2016-06-12 07:02:52,1978.0,19.23,63.36,0.0,26.6125
2016-05-27 06:46:39,2016-05-27 07:32:22,2743.0,17.4,66.34,0.0,18.516666666666666
2016-05-29 14:24:33,2016-05-29 15:17:01,3148.0,21.61,66.0,0.0,25.933333333333334
2016-06-22 14:06:04,2016-06-22 15:05:37,3573.0,17.5,65.34,0.0,30.083333333333332
2016-06-09 14:24:22,2016-06-09 15:20:25,3363.0,16.83,58.34,0.0,19.0375
2016-05-31 23:12:23,2016-05-31 23:47:51,2128.0,16.54,70.01,0.0,15.733333333333333
2016-05-16 06:26:18,2016-05-16 07:04:06,2268.0,17.8,68.34,0.0,5.083333333333333
2016-05-28 11:13:17,2016-05-28 11:53:36,2419.0,21.29,66.34,0.0,29.1
2016-06-03 05:10:21,2016-06-03 05:34:25,1444.0,16.81,64.34,0.0,17.866666666666667
2016-06-14 08:27:44,2016-06-14 09:27:49,3605.0,18.27,70.01,0.0,18.533333333333335
2016-05-25 17:42:55,2016-05-25 19:02:33,4778.0,17.5,62.84,0.0,19.66
2016-05-09 04:54:05,2016-05-09 05:29:19,2114.0,18.13,63.36,0.0,11.466666666666667
2016-05-29 09:21:33,2016-05-29 09:49:06,1653.0,17.36,58.34,0.0,25.933333333333334
2016-06-14 14:56:04,2016-06-14 15:55:11,3547.0,20.2,70.01,0.0,21.95
2016-05-11 15:29:52,2016-05-11 16:38:21,4109.0,16.61,70.01,0.0,21.55
2016-05-11 10:25:42,2016-05-11 11:01:08,2126.0,17.08,70.01,0.0,13.516666666666667
2016-06-15 08:01:13,2016-06-15 08:50:35,2962.0,17.56,70.01,0.0,22.233333333333334
2016-05-01 10:38:49,2016-05-01 11:11:42,1973.0,17.3,58.34,1.62,5.175
2016-05-06 06:44:14,2016-05-06 07:29:47,2733.0,17.93,70.01,3.96,4.571428571428571
2016-05-30 09:00:20,2016-05-30 09:27:09,1609.0,17.7,58.34,0.0,15.575
2016-05-31 08:35:14,2016-05-31 09:25:27,3013.0,22.3,69.99,0.0,17.225
2016-05-15 13:48:47,2016-05-15 14:43:30,3283.0,17.23,64.34,0.0,8.883333333333333
2016-06-27 16:48:35,2016-06-27 18:06:42,4687.0,17.17,62.84,0.0,16.788888888888888
2016-05-09 13:13:54,2016-05-09 13:54:06,2412.0,16.4,75.84,0.0,22.033333333333335
2016-06-13 12:28:56,2016-06-13 13:04:57,2161.0,16.91,58.34,0.0,22.5
2016-05-07 10:23:47,2016-05-07 11:05:01,2474.0,16.76,63.36,0.0,8.17
2016-06-23 06:59:09,2016-06-23 07:34:13,2104.0,15.88,70.01,0.0,18.333333333333332
2016-05-02 08:08:33,2016-05-02 08:58:04,2971.0,17.3,58.34,0.0,9.1
2016-05-26 14:19:19,2016-05-26 15:30:27,4268.0,17.1,68.34,0.0,29.916666666666668
2016-06-26 15:03:39,2016-06-26 15:54:45,3066.0,17.3,69.99,0.0,27.033333333333335
2016-05-04 15:54:39,2016-05-04 17:17:19,4960.0,15.19,70.01,1.04,2.8157894736842106
2016-05-08 14:21:36,2016-05-08 15:10:40,2944.0,16.93,67.34,0.0,18.25
2016-05-07 20:45:57,2016-05-07 21:30:34,2677.0,16.4,72.92,0.0,8.6125
2016-05-24 13:42:58,2016-05-24 14:19:23,2185.0,16.8,58.34,0.0,21.85
2016-06-06 14:29:59,2016-06-06 15:29:34,3575.0,21.9,69.99,0.0,28.233333333333334
2016-05-23 12:33:18,2016-05-23 13:18:28,2710.0,16.7,58.34,0.0,11.833333333333334
2016-05-06 16:30:47,2016-05-06 17:46:25,4538.0,17.18,71.62,0.0,9.833333333333334
2016-06-03 06:39:30,2016-06-03 07:14:39,2109.0,17.89,58.34,0.29,17.714285714285715
2016-06-09 12:30:32,2016-06-09 13:17:42,2830.0,16.85,70.01,0.0,14.82857142857143
2016-06-27 18:05:00,2016-06-27 19:19:05,4445.0,17.97,74.49,0.0,23.866666666666667
2016-05-13 18:37:27,2016-05-13 19:46:03,4116.0,17.35,75.41,3.4,6.1909090909090905
2016-05-16 16:04:59,2016-05-16 17:26:22,4883.0,18.16,62.84,0.0,9.575
2016-05-31 12:42:15,2016-05-31 13:29:12,2817.0,17.9,60.8,0.0,22.85
2016-06-05 11:05:45,2016-06-05 11:48:53,2588.0,17.2,65.8,20.4,9.341666666666667
2016-05-25 08:41:07,2016-05-25 09:36:14,3307.0,0.0,58.34,0.0,22.866666666666667
2016-05-11 04:54:43,2016-05-11 05:18:42,1439.0,16.94,58.34,0.0,7.6
2016-06-09 06:05:29,2016-06-09 06:37:29,1920.0,17.63,70.01,0.0,12.933333333333334
2016-06-24 05:48:39,2016-06-24 06:17:44,1745.0,17.44,70.01,0.0,21.383333333333333
2016-05-29 09:02:56,2016-05-29 09:27:20,1464.0,16.58,68.34,0.0,25.933333333333334
2016-05-08 13:40:51,2016-05-08 14:22:09,2478.0,16.97,58.34,0.0,13.014285714285714
2016-06-03 04:32:17,2016-06-03 04:56:15,1438.0,17.42,70.01,0.0,17.766666666666666
2016-06-12 17:52:05,2016-06-12 18:26:07,2042.0,17.4,72.92,0.0,23.25
2016-05-31 12:51:41,2016-05-31 13:41:26,2985.0,17.3,58.34,0.0,22.85
2016-05-05 15:04:13,2016-05-05 16:24:08,4795.0,16.1,58.34,0.0,13.6
2016-06-23 10:34:21,2016-06-23 11:28:07,3226.0,19.1,69.99,0.0,15.916666666666666
2016-06-26 14:40:25,2016-06-26 15:33:27,3182.0,18.2,58.44,0.0,27.4
2016-06-02 07:19:16,2016-06-02 07:58:00,2324.0,17.5,72.89,0.0,17.8
2016-05-05 15:46:33,2016-05-05 16:56:32,4199.0,16.4,63.34,0.0,13.6
2016-05-04 23:00:31,2016-05-04 23:40:12,2381.0,17.7,58.34,0.0,6.266666666666667
2016-06-26 16:07:52,2016-06-26 17:05:05,3433.0,18.24,70.01,0.0,21.866666666666667
2016-06-26 17:49:52,2016-06-26 18:31:31,2499.0,17.52,63.36,0.0,16.75
2016-05-12 09:00:03,2016-05-12 09:47:34,2851.0,17.5,70.34,0.0,19.8
2016-06-30 14:20:10,2016-06-30 15:38:50,4720.0,16.51,66.0,0.0,29.066666666666666
2016-05-30 07:41:16,2016-05-30 08:10:04,1728.0,17.3,69.99,1.49,11.7
2016-05-31 19:27:12,2016-05-31 20:14:46,2854.0,16.7,62.84,0.0,22.783333333333335
2016-05-21 05:10:14,2016-05-21 05:40:55,1841.0,17.06,63.34,0.0,12.966666666666667
2016-05-25 17:17:53,2016-05-25 18:49:19,5486.0,17.58,62.84,0.0,20.785714285714285
2016-05-16 13:10:55,2016-05-16 14:08:26,3451.0,17.25,58.34,0.0,16.95
2016-06-03 06:38:01,2016-06-03 07:21:56,2635.0,17.4,72.92,0.29,17.714285714285715
2016-06-30 11:12:45,2016-06-30 12:03:49,3064.0,16.84,58.34,0.0,27.6
2016-05-13 12:44:58,2016-05-13 13:25:08,2410.0,16.98,70.01,0.0,14.428571428571429
2016-05-21 14:23:10,2016-05-21 15:20:23,3433.0,17.29,58.34,0.0,17.033333333333335
2016-05-09 16:52:31,2016-05-09 18:03:20,4249.0,18.05,62.84,0.0,18.966666666666665
2016-06-24 18:04:45,2016-06-24 19:14:05,4160.0,16.99,74.49,0.0,23.8
2016-05-10 16:19:28,2016-05-10 17:51:15,5507.0,16.37,62.84,0.0,15.466666666666667
2016-05-10 06:41:28,2016-05-10 07:12:18,1850.0,17.1,58.34,0.0,11.233333333333333
2016-06-19 15:23:08,2016-06-19 16:30:30,4042.0,16.97,58.34,0.0,21.216666666666665
2016-05-01 07:07:15,2016-05-01 08:02:05,3290.0,25.24,58.34,0.29,4.616666666666667
2016-05-16 14:47:12,2016-05-16 15:45:41,3509.0,18.1,69.99,0.0,18.05
2016-06-20 07:05:19,2016-06-20 07:57:42,3143.0,22.1,72.89,0.0,20.933333333333334
2016-06-26 06:56:40,2016-06-26 07:26:29,1789.0,18.1,58.34,0.0,21.95
2016-05-24 11:03:14,2016-05-24 11:47:05,2631.0,17.56,70.01,0.0,12.4
2016-05-14 04:28:59,2016-05-14 05:00:57,1918.0,17.68,58.34,0.0,10.016666666666667
2016-06-18 12:41:12,2016-06-18 13:37:10,3358.0,17.77,68.34,0.0,14.433333333333334
2016-05-12 19:09:22,2016-05-12 20:07:19,3477.0,17.5,62.84,0.0,13.816666666666666
2016-06-16 11:59:31,2016-06-16 12:46:20,2809.0,17.04,72.92,0.0,21.75
2016-05-12 09:06:10,2016-05-12 09:47:04,2454.0,16.7,70.0,0.0,19.8
2016-05-10 17:27:36,2016-05-10 18:39:25,4309.0,16.78,74.84,0.0,12.866666666666667
2016-05-19 09:11:52,2016-05-19 10:01:23,2971.0,16.8,67.34,0.0,17.6
2016-05-30 13:41:18,2016-05-30 14:15:17,2039.0,17.31,58.34,0.0,25.45
2016-06-03 06:12:22,2016-06-03 06:47:22,2100.0,17.37,58.34,0.0,17.65
2016-05-11 19:11:27,2016-05-11 20:01:21,2994.0,17.2,67.3,0.0,2.683333333333333
2016-05-15 15:15:29,2016-05-15 16:34:42,4753.0,19.11,59.3,0.0,8.8
2016-05-23 08:02:39,2016-05-23 08:52:04,2965.0,17.7,65.34,0.0,18.166666666666668
2016-05-30 12:08:46,2016-05-30 12:37:16,1710.0,16.8,63.34,0.0,18.625
2016-05-25 13:45:11,2016-05-25 14:35:59,3048.0,27.48,72.92,0.0,15.2
2016-06-11 18:01:25,2016-06-11 18:38:41,2236.0,17.33,58.34,2.99,27.4
2016-05-18 16:07:18,2016-05-18 17:17:30,4212.0,17.82,62.84,0.0,12.075
2016-06-03 16:54:59,2016-06-03 18:00:01,3902.0,16.4,73.0,0.0,18.808333333333334
2016-05-08 14:35:25,2016-05-08 15:27:04,3099.0,17.44,58.34,0.0,18.25
2016-05-27 02:26:15,2016-05-27 02:49:19,1384.0,16.1,69.99,0.0,20.933333333333334
2016-05-26 14:15:37,2016-05-26 15:41:55,5178.0,16.41,58.34,0.0,29.916666666666668
2016-06-28 12:27:37,2016-06-28 13:14:40,2823.0,17.31,58.34,0.0,22.56
2016-06-26 20:21:19,2016-06-26 21:13:43,3144.0,18.36,83.34,0.0,23.416666666666668
2016-05-29 14:48:12,2016-05-29 15:46:49,3517.0,17.46,68.64,0.0,25.933333333333334
2016-06-26 16:25:25,2016-06-26 18:06:51,6086.0,24.2,69.99,0.0,19.944444444444443
2016-06-20 15:47:27,2016-06-20 17:08:22,4855.0,17.1,69.99,0.0,25.266666666666666
2016-06-07 09:57:39,2016-06-07 11:07:12,4173.0,17.62,68.34,0.0,23.511111111111113
2016-06-17 18:16:28,2016-06-17 19:25:07,4119.0,16.7,57.3,0.0,16.4
2016-05-05 11:49:41,2016-05-05 12:34:58,2717.0,17.97,75.84,0.0,11.766666666666667
2016-05-30 17:06:48,2016-05-30 17:40:45,2037.0,16.74,62.34,0.0,23.533333333333335
2016-06-24 13:57:03,2016-06-24 15:10:41,4418.0,17.72,72.92,0.0,27.3
2016-06-29 04:47:21,2016-06-29 05:19:24,1923.0,17.3,70.01,0.0,13.381818181818181
2016-05-17 19:28:12,2016-05-17 20:15:45,2853.0,16.78,75.41,0.0,11.342857142857143
2016-06-08 13:40:13,2016-06-08 14:45:54,3941.0,16.99,58.34,10.16,10.761538461538462
2016-05-11 14:01:11,2016-05-11 14:46:48,2737.0,19.96,58.34,0.0,15.366666666666667
2016-05-30 17:41:15,2016-05-30 18:09:54,1719.0,17.22,58.34,0.0,14.925
2016-05-31 05:54:01,2016-05-31 06:38:00,2639.0,20.05,58.34,0.0,15.975
2016-05-19 18:37:21,2016-05-19 19:32:12,3291.0,17.5,81.69,0.0,15.466666666666667
2016-06-25 12:13:21,2016-06-25 13:10:17,3416.0,18.18,72.92,0.0,27.333333333333332
2016-06-02 13:45:40,2016-06-02 14:52:57,4037.0,16.8,58.34,0.0,22.233333333333334
2016-05-13 13:39:40,2016-05-13 14:26:09,2789.0,0.0,58.34,1.2,10.811111111111112
2016-06-28 20:20:15,2016-06-28 21:03:51,2616.0,17.21,70.01,0.0,22.072727272727274
2016-06-16 18:36:40,2016-06-16 20:00:53,5053.0,19.33,62.84,0.0,17.333333333333332
2016-05-07 10:18:06,2016-05-07 10:49:48,1902.0,17.3,58.34,0.0,8.475
2016-05-01 13:15:51,2016-05-01 14:05:29,2978.0,17.41,70.01,0.29,7.955555555555556
2016-06-17 16:31:26,2016-06-17 17:43:26,4320.0,17.3,70.84,0.0,19.166666666666668
2016-05-01 05:15:08,2016-05-01 05:42:57,1669.0,16.5,58.34,0.0,3.1333333333333333
2016-06-24 08:09:36,2016-06-24 09:36:57,5241.0,20.9,66.0,0.0,23.716666666666665
2016-05-02 20:40:48,2016-05-02 21:18:38,2270.0,17.42,58.34,0.0,13.033333333333333
2016-06-15 18:48:32,2016-06-15 19:44:03,3331.0,17.45,62.84,0.0,15.666666666666666
2016-06-24 07:35:24,2016-06-24 09:00:07,5083.0,21.7,52.8,0.0,23.344444444444445
2016-06-16 04:55:34,2016-06-16 05:16:56,1282.0,16.7,69.99,0.29,10.0
2016-06-08 16:00:37,2016-06-08 17:31:41,5464.0,16.28,70.01,0.29,10.714285714285714
2016-06-28 21:06:12,2016-06-28 21:56:07,2995.0,16.74,70.01,0.0,22.216666666666665
2016-05-18 15:09:39,2016-05-18 16:40:44,5465.0,19.04,58.34,0.0,13.35
2016-05-31 04:02:47,2016-05-31 04:35:13,1946.0,16.8,63.35,0.0,15.975
2016-06-13 15:13:10,2016-06-13 16:19:50,4000.0,16.7,63.35,0.0,22.85
2016-05-26 10:32:21,2016-05-26 11:32:38,3617.0,17.68,70.01,0.0,23.233333333333334
2016-05-27 18:40:01,2016-05-27 19:17:22,2241.0,15.2,69.3,0.0,16.5
2016-06-06 15:11:04,2016-06-06 16:31:18,4814.0,17.11,58.34,0.0,28.066666666666666
2016-05-07 06:14:54,2016-05-07 06:43:35,1721.0,18.48,63.36,0.0,3.76
2016-05-09 06:18:50,2016-05-09 06:59:20,2430.0,17.63,69.0,0.0,12.766666666666667
2016-05-12 17:27:35,2016-05-12 18:59:42,5527.0,16.2,72.84,0.0,14.616666666666667
2016-06-13 11:42:17,2016-06-13 12:26:36,2659.0,17.29,58.34,0.0,18.166666666666668
2016-06-21 13:45:59,2016-06-21 14:25:14,2355.0,16.8,72.89,0.0,25.266666666666666
2016-06-09 17:11:02,2016-06-09 18:24:54,4432.0,16.92,78.55,0.0,22.071428571428573
2016-05-24 18:20:30,2016-05-24 19:26:30,3960.0,18.1,72.84,0.0,17.616666666666667
2016-05-01 12:11:31,2016-05-01 12:49:51,2300.0,18.7,68.34,1.2,8.866666666666667
2016-05-14 19:22:41,2016-05-14 20:09:59,2838.0,16.4,58.34,0.0,11.3
2016-06-28 13:28:46,2016-06-28 14:21:24,3158.0,17.7,58.34,0.0,23.3875
2016-06-06 14:42:38,2016-06-06 15:54:52,4334.0,17.7,66.0,0.0,28.233333333333334
2016-05-14 15:35:47,2016-05-14 16:34:31,3524.0,17.75,52.8,0.0,10.628571428571428
2016-05-23 05:29:34,2016-05-23 05:57:56,1702.0,17.32,58.34,0.0,12.766666666666667
2016-05-11 14:22:18,2016-05-11 15:19:51,3453.0,17.23,70.01,0.0,18.5
2016-05-12 21:41:24,2016-05-12 22:13:47,1943.0,16.8,58.34,0.0,12.45
2016-06-19 14:41:56,2016-06-19 15:37:22,3326.0,16.3,68.34,0.0,26.3
2016-05-21 12:04:52,2016-05-21 12:36:49,1917.0,16.7,69.99,0.0,18.166666666666668
2016-06-16 05:23:13,2016-06-16 05:52:18,1745.0,17.19,70.01,0.29,6.3
2016-05-20 07:28:09,2016-05-20 08:16:00,2871.0,18.1,58.34,0.0,13.35
2016-06-13 07:20:16,2016-06-13 08:01:33,2477.0,17.3,52.8,0.0,14.066666666666666
2016-06-03 06:59:22,2016-06-03 07:42:45,2603.0,17.43,58.34,0.29,17.714285714285715
2016-06-19 17:13:59,2016-06-19 18:25:48,4309.0,17.62,58.34,0.0,23.25
2016-05-11 11:59:45,2016-05-11 12:35:18,2133.0,17.08,58.34,0.0,14.716666666666667
2016-06-12 10:58:17,2016-06-12 11:34:29,2172.0,17.8,68.34,0.0,19.0
2016-05-27 16:13:39,2016-05-27 17:24:41,4262.0,16.5,74.84,0.0,25.083333333333332
2016-05-19 06:15:35,2016-05-19 06:55:38,2403.0,21.18,72.92,0.0,13.533333333333333
2016-05-18 11:24:45,2016-05-18 11:58:28,2023.0,16.38,75.84,0.0,16.95
2016-06-06 06:05:40,2016-06-06 06:44:41,2341.0,17.4,68.6,0.0,20.275
2016-06-08 05:52:32,2016-06-08 06:22:24,1792.0,17.39,58.34,0.0,16.583333333333332
2016-05-03 17:38:22,2016-05-03 18:54:16,4554.0,16.68,65.3,0.0,6.858333333333333
2016-06-02 12:34:56,2016-06-02 13:25:18,3022.0,17.8,58.34,0.0,22.6
2016-06-28 17:21:34,2016-06-28 18:29:53,4099.0,17.56,65.06,0.0,18.79090909090909
2016-06-16 16:17:26,2016-06-16 17:59:10,6104.0,16.1,68.75,0.0,22.233333333333334
2016-05-23 18:40:58,2016-05-23 19:28:17,2839.0,17.2,75.39,0.29,17.783333333333335
2016-06-19 16:12:58,2016-06-19 17:08:32,3334.0,17.51,58.34,0.0,20.016666666666666
2016-05-26 14:59:21,2016-05-26 16:38:54,5973.0,15.9,52.8,0.0,29.633333333333333
2016-05-03 18:39:58,2016-05-03 19:30:14,3016.0,17.96,68.76,0.29,7.8307692307692305
2016-06-19 14:09:50,2016-06-19 14:58:32,2922.0,16.1,69.99,0.0,26.666666666666668
2016-06-26 12:43:45,2016-06-26 14:12:35,5330.0,20.9,58.34,0.0,24.677777777777777
2016-05-10 11:09:55,2016-05-10 12:02:32,3157.0,18.13,52.8,0.0,16.583333333333332
2016-06-12 14:44:11,2016-06-12 15:27:43,2612.0,17.2,69.99,0.0,27.05
2016-05-11 21:26:38,2016-05-11 22:05:41,2343.0,18.11,66.0,0.0,17.483333333333334
2016-05-30 16:27:51,2016-05-30 17:08:07,2416.0,17.41,70.01,0.0,15.283333333333333
2016-05-12 14:26:17,2016-05-12 15:36:33,4216.0,15.9,63.35,0.0,16.8
2016-06-23 09:30:31,2016-06-23 10:17:50,2839.0,17.67,70.01,0.0,20.083333333333332
2016-06-13 07:11:50,2016-06-13 07:43:34,1904.0,16.53,70.01,0.0,10.933333333333334
2016-05-12 04:54:27,2016-05-12 05:23:13,1726.0,17.4,72.89,0.0,10.733333333333333
2016-05-06 13:06:58,2016-05-06 13:54:58,2880.0,16.92,70.01,2.14,4.7
2016-05-12 08:42:57,2016-05-12 09:31:33,2916.0,0.0,69.99,0.0,15.916666666666666
2016-06-15 07:59:57,2016-06-15 08:50:32,3035.0,17.1,69.99,0.0,21.666666666666668
2016-05-16 13:45:18,2016-05-16 14:44:50,3572.0,17.87,58.34,0.0,16.95
2016-05-10 15:15:28,2016-05-10 16:16:54,3686.0,17.3,63.34,0.0,12.683333333333334
2016-06-02 19:36:51,2016-06-02 20:21:32,2681.0,16.6,67.84,0.0,14.3
2016-05-07 22:22:38,2016-05-07 22:58:10,2132.0,17.7,58.34,0.0,10.366666666666667
2016-06-02 17:59:46,2016-06-02 19:21:08,4882.0,17.6,57.3,0.0,16.263636363636362
2016-05-07 04:53:29,2016-05-07 05:30:29,2220.0,18.2,70.01,0.0,7.2555555555555555
2016-05-26 19:13:27,2016-05-26 20:18:39,3912.0,17.2,75.39,0.0,20.283333333333335
2016-06-13 06:21:38,2016-06-13 06:55:23,2025.0,17.14,72.92,0.0,15.2
2016-05-18 04:46:07,2016-05-18 05:13:34,1647.0,17.47,70.01,0.0,12.625
2016-05-19 18:33:31,2016-05-19 19:25:48,3137.0,16.4,57.3,0.0,15.466666666666667
2016-05-17 13:37:11,2016-05-17 14:22:31,2720.0,17.15,58.34,0.0,17.775
2016-05-25 15:44:16,2016-05-25 17:27:52,6216.0,17.25,58.34,0.0,15.54
2016-05-28 04:05:20,2016-05-28 04:31:03,1543.0,17.4,69.99,0.0,21.3
2016-05-15 06:30:39,2016-05-15 07:03:07,1948.0,19.3,58.34,0.0,10.883333333333333
2016-06-24 17:52:36,2016-06-24 19:02:36,4200.0,16.6,57.3,0.0,21.544444444444444
2016-06-27 16:33:18,2016-06-27 17:42:57,4179.0,17.31,78.55,0.0,13.066666666666666
2016-05-27 12:02:56,2016-05-27 12:40:35,2259.0,16.66,70.01,0.0,7.966666666666667
2016-05-14 19:44:12,2016-05-14 20:41:18,3426.0,17.87,68.64,0.0,11.3
2016-05-03 09:10:28,2016-05-03 09:57:49,2841.0,17.72,64.34,0.6,11.833333333333334
2016-06-28 22:07:58,2016-06-28 23:01:58,3240.0,0.0,63.34,2.85,20.135714285714286
2016-06-02 11:43:15,2016-06-02 12:21:07,2272.0,18.2,58.34,0.0,22.15
2016-06-22 14:01:11,2016-06-22 14:48:26,2835.0,16.8,69.99,0.0,30.366666666666667
2016-05-29 14:13:42,2016-05-29 15:09:35,3353.0,16.67,52.8,0.0,25.933333333333334
2016-05-12 16:29:46,2016-05-12 17:45:46,4560.0,14.5,78.54,0.0,15.183333333333334
2016-05-31 19:48:44,2016-05-31 20:30:13,2489.0,18.8,62.84,0.0,22.783333333333335
2016-05-11 06:23:19,2016-05-11 06:54:39,1880.0,17.67,52.8,0.0,12.4
2016-06-30 08:46:56,2016-06-30 10:05:57,4741.0,17.4,52.8,0.0,19.766666666666666
2016-06-21 17:27:12,2016-06-21 18:41:50,4478.0,16.28,68.76,0.0,27.216666666666665
2016-05-20 12:11:38,2016-05-20 13:24:36,4378.0,16.9,52.8,0.0,23.15
2016-05-24 06:58:06,2016-05-24 07:43:21,2715.0,18.1,69.99,2.39,9.214285714285714
2016-05-16 15:56:29,2016-05-16 17:11:00,4471.0,16.31,58.34,0.0,12.583333333333334
2016-05-27 05:18:42,2016-05-27 05:42:47,1445.0,14.8,58.34,0.0,21.466666666666665
2016-05-09 05:46:09,2016-05-09 06:13:31,1642.0,16.2,63.34,0.0,12.216666666666667
2016-06-03 16:14:06,2016-06-03 17:28:34,4468.0,18.1,62.84,0.0,20.466666666666665
2016-05-12 15:39:21,2016-05-12 17:06:48,5247.0,0.0,63.35,0.0,14.375
2016-06-22 11:19:01,2016-06-22 12:05:54,2813.0,18.3,69.99,0.0,29.333333333333332
2016-05-11 14:59:02,2016-05-11 16:23:29,5067.0,16.7,58.34,0.0,19.488888888888887
2016-06-06 05:58:53,2016-06-06 06:33:03,2050.0,17.5,70.0,0.0,17.35
2016-05-16 06:52:02,2016-05-16 07:24:31,1949.0,16.57,70.01,0.0,5.083333333333333
2016-05-13 13:08:36,2016-05-13 13:59:25,3049.0,20.2,52.8,0.0,12.55
2016-05-16 11:49:27,2016-05-16 12:27:29,2282.0,17.3,63.34,0.0,10.4
2016-05-26 05:37:01,2016-05-26 06:06:46,1785.0,0.0,68.6,0.0,20.816666666666666
2016-06-23 11:59:05,2016-06-23 13:11:28,4343.0,22.68,58.34,0.0,19.433333333333334
2016-05-17 16:15:03,2016-05-17 18:00:36,6333.0,16.9,62.84,0.0,13.011111111111111
2016-05-30 17:45:05,2016-05-30 18:14:25,1760.0,16.9,58.34,0.0,14.925
2016-06-28 16:45:25,2016-06-28 17:58:21,4376.0,17.6,78.54,0.0,20.92222222222222
2016-05-20 07:03:22,2016-05-20 07:53:10,2988.0,17.82,58.34,0.0,15.033333333333333
2016-05-05 19:07:47,2016-05-05 19:46:51,2344.0,16.4,78.54,0.0,10.34
2016-06-24 08:15:24,2016-06-24 09:01:50,2786.0,17.3,69.99,0.0,23.716666666666665
2016-05-16 12:07:38,2016-05-16 12:51:34,2636.0,17.16,58.34,0.0,7.2
2016-05-25 12:14:19,2016-05-25 13:02:47,2908.0,17.94,70.01,0.0,14.35
2016-06-23 20:11:09,2016-06-23 21:00:23,2954.0,17.9,66.0,0.0,23.333333333333332
2016-05-15 15:05:04,2016-05-15 16:13:44,4120.0,23.56,72.92,0.0,8.8
2016-05-11 11:52:01,2016-05-11 12:30:23,2302.0,17.61,70.01,0.0,14.716666666666667
2016-06-27 13:18:18,2016-06-27 13:56:04,2266.0,16.55,70.01,0.0,27.4
2016-06-20 05:04:55,2016-06-20 05:32:28,1653.0,0.0,63.34,0.0,18.333333333333332
2016-05-22 15:42:33,2016-05-22 16:37:01,3268.0,17.2,72.89,0.0,13.728571428571428
2016-05-08 14:28:09,2016-05-08 15:13:20,2711.0,17.7,66.34,0.0,18.25
2016-06-15 05:13:59,2016-06-15 05:37:47,1428.0,17.12,75.84,0.0,17.766666666666666
2016-06-15 13:37:52,2016-06-15 14:44:21,3989.0,15.23,59.55,0.0,17.5
2016-05-08 17:15:38,2016-05-08 18:04:23,2925.0,16.9,58.34,0.0,17.6
2016-05-18 09:13:53,2016-05-18 10:03:06,2953.0,17.4,63.34,0.0,12.375
2016-05-29 18:14:15,2016-05-29 18:43:11,1736.0,16.3,58.34,0.0,23.3
2016-05-29 05:53:20,2016-05-29 06:30:29,2229.0,0.0,52.8,0.0,21.566666666666666
2016-05-26 16:34:59,2016-05-26 18:03:17,5298.0,17.03,62.84,0.0,21.833333333333332
2016-06-09 18:46:09,2016-06-09 19:42:05,3356.0,17.15,75.41,0.0,21.483333333333334
2016-06-03 12:01:30,2016-06-03 12:57:30,3360.0,16.1,52.8,0.0,12.6
2016-06-13 06:50:05,2016-06-13 07:27:16,2231.0,17.59,63.36,0.0,13.066666666666666
2016-06-04 05:43:42,2016-06-04 06:11:05,1643.0,17.8,73.34,0.0,14.142857142857142
2016-05-09 16:47:16,2016-05-09 18:10:45,5009.0,18.6,62.84,0.0,18.966666666666665
2016-05-25 06:13:55,2016-05-25 06:50:36,2201.0,17.68,58.34,0.0,11.666666666666666
2016-05-09 08:16:03,2016-05-09 09:19:35,3812.0,19.4,52.8,0.0,13.433333333333334
2016-06-29 16:36:22,2016-06-29 18:11:55,5733.0,18.02,57.3,0.0,25.677777777777777
2016-06-23 18:39:00,2016-06-23 19:23:47,2687.0,16.25,62.84,0.0,16.2
2016-05-06 09:47:11,2016-05-06 10:41:23,3252.0,17.29,58.34,27.48,6.30625
2016-05-27 05:37:18,2016-05-27 06:08:22,1864.0,0.0,63.34,0.0,21.75
2016-05-18 10:13:10,2016-05-18 11:14:25,3675.0,18.51,72.92,0.0,16.825
2016-06-14 18:19:12,2016-06-14 19:33:02,4430.0,16.7,62.84,0.0,20.2
2016-05-23 11:53:02,2016-05-23 12:30:59,2277.0,17.4,58.34,0.0,18.783333333333335
2016-06-12 16:16:08,2016-06-12 17:00:37,2669.0,0.0,58.34,0.0,18.625
2016-06-07 14:35:26,2016-06-07 15:35:29,3603.0,21.3,58.34,0.0,23.67142857142857
2016-06-06 14:30:13,2016-06-06 15:20:27,3014.0,14.54,70.01,0.0,28.233333333333334
2016-05-23 04:55:45,2016-05-23 05:20:39,1494.0,16.4,58.34,0.0,13.05
2016-06-27 05:40:30,2016-06-27 06:13:49,1999.0,17.2,58.34,0.0,20.283333333333335
2016-05-31 16:17:40,2016-05-31 17:34:12,4592.0,16.7,62.84,0.0,25.666666666666668
2016-06-09 13:30:19,2016-06-09 14:20:01,2982.0,16.2,58.34,0.0,21.271428571428572
2016-05-30 16:57:57,2016-05-30 17:35:01,2224.0,17.11,58.34,0.0,15.283333333333333
2016-05-21 14:53:48,2016-05-21 15:51:26,3458.0,17.5,66.34,0.0,17.033333333333335
2016-05-11 08:01:05,2016-05-11 08:45:38,2673.0,17.2,69.99,0.0,16.866666666666667
2016-05-09 09:32:47,2016-05-09 10:19:11,2784.0,17.6,52.8,0.0,18.05
2016-06-20 17:26:41,2016-06-20 18:35:59,4158.0,0.0,62.84,0.0,24.666666666666668
2016-05-25 04:25:22,2016-05-25 04:51:16,1554.0,17.33,69.34,0.0,16.3
2016-06-19 14:08:40,2016-06-19 15:32:26,5026.0,21.5,72.8,0.0,26.3
2016-05-09 10:51:12,2016-05-09 11:23:25,1933.0,16.8,72.89,0.0,20.0
2016-05-02 14:35:58,2016-05-02 15:40:24,3866.0,22.4,58.34,0.0,10.95
2016-05-02 19:38:46,2016-05-02 20:13:46,2100.0,21.88,62.84,0.0,11.414285714285715
2016-06-28 10:19:44,2016-06-28 11:09:03,2959.0,28.7,58.34,0.0,21.95
2016-05-20 12:27:22,2016-05-20 13:11:39,2657.0,18.23,70.01,0.0,23.15
2016-05-10 06:46:14,2016-05-10 07:24:39,2305.0,21.78,65.84,0.0,11.233333333333333
2016-05-12 17:12:31,2016-05-12 18:15:12,3761.0,15.84,75.41,0.0,14.616666666666667
2016-06-13 11:35:15,2016-06-13 12:23:57,2922.0,17.3,69.99,0.0,18.166666666666668
2016-05-25 09:01:20,2016-05-25 09:48:52,2852.0,17.33,58.34,0.0,23.7
2016-06-29 15:21:23,2016-06-29 16:48:34,5231.0,18.5,75.84,0.0,24.45
2016-06-12 15:56:11,2016-06-12 16:47:27,3076.0,16.3,58.34,0.0,19.5875
2016-06-07 12:34:23,2016-06-07 13:24:48,3025.0,21.51,70.01,0.0,23.4
2016-05-16 13:34:47,2016-05-16 14:16:33,2506.0,21.5,65.34,0.0,16.95
2016-06-27 07:10:58,2016-06-27 07:50:59,2401.0,17.7,69.99,0.0,21.466666666666665
2016-06-02 15:11:43,2016-06-02 16:37:59,5176.0,16.54,70.01,0.0,18.516666666666666
2016-05-08 14:02:11,2016-05-08 15:01:08,3537.0,17.63,64.94,0.0,18.25
2016-06-24 13:41:47,2016-06-24 15:00:19,4712.0,16.51,58.34,0.0,27.3
2016-05-26 05:41:33,2016-05-26 06:08:52,1639.0,17.3,69.99,0.0,20.816666666666666
2016-06-16 04:53:09,2016-06-16 05:23:02,1793.0,16.7,72.89,0.29,10.0
2016-05-16 18:07:03,2016-05-16 19:15:37,4114.0,17.55,75.41,0.0,18.783333333333335
2016-05-03 01:54:22,2016-05-03 02:26:32,1930.0,17.16,58.34,5.1,9.983333333333333
2016-06-28 14:46:58,2016-06-28 15:50:43,3825.0,15.6,69.99,0.0,23.863636363636363
2016-06-10 17:56:31,2016-06-10 19:00:29,3838.0,16.73,62.84,0.0,19.5
2016-05-20 04:24:41,2016-05-20 04:52:10,1649.0,17.38,58.34,0.0,12.4
2016-05-29 18:14:43,2016-05-29 18:47:50,1987.0,17.51,58.34,0.0,23.3
2016-05-26 12:41:22,2016-05-26 13:37:19,3357.0,17.36,72.92,0.0,30.566666666666666
2016-05-03 13:57:51,2016-05-03 14:40:55,2584.0,17.1,58.34,0.29,7.777777777777778
2016-05-26 15:22:29,2016-05-26 16:37:25,4496.0,16.85,58.34,0.0,29.366666666666667
2016-05-28 14:59:09,2016-05-28 16:00:14,3665.0,18.2,58.34,0.0,26.344444444444445
2016-06-13 12:22:09,2016-06-13 12:55:40,2011.0,17.82,72.92,0.0,21.866666666666667
2016-05-21 17:18:02,2016-05-21 18:09:41,3099.0,17.6,73.34,0.0,11.1
2016-06-18 13:56:15,2016-06-18 14:47:28,3073.0,20.66,52.8,0.0,9.166666666666666
2016-06-26 19:46:13,2016-06-26 20:28:26,2533.0,18.21,70.01,0.0,23.6
2016-06-26 14:39:39,2016-06-26 15:59:31,4792.0,23.9,78.34,0.0,27.4
2016-05-16 14:27:57,2016-05-16 15:30:34,3757.0,17.38,63.34,0.0,18.05
2016-05-08 15:56:35,2016-05-08 16:52:31,3356.0,17.46,60.01,0.0,18.166666666666668
2016-06-26 15:58:42,2016-06-26 17:13:44,4502.0,16.6,70.34,0.0,23.58888888888889
2016-06-11 17:41:44,2016-06-11 18:23:32,2508.0,17.1,58.34,2.99,23.133333333333333
2016-05-12 12:56:51,2016-05-12 13:37:05,2414.0,15.47,58.34,0.0,15.1
2016-05-01 11:25:56,2016-05-01 11:59:35,2019.0,15.2,69.99,1.62,6.257142857142857
2016-06-07 14:53:17,2016-06-07 16:22:36,5359.0,0.0,69.99,0.29,24.07
2016-06-22 18:24:15,2016-06-22 19:34:42,4227.0,16.8,70.84,0.0,23.15
2016-05-08 18:54:16,2016-05-08 19:41:19,2823.0,17.88,58.34,0.0,16.85
2016-05-30 05:37:36,2016-05-30 06:04:43,1627.0,17.3,70.01,24.36,13.329411764705883
2016-06-24 16:15:46,2016-06-24 17:44:56,5350.0,18.08,69.84,0.0,21.766666666666666
2016-06-16 19:22:18,2016-06-16 20:27:50,3932.0,16.97,62.84,0.0,14.9
2016-05-22 06:26:59,2016-05-22 06:59:05,1926.0,17.38,70.01,0.6,11.9
2016-05-19 13:13:22,2016-05-19 13:52:46,2364.0,0.0,69.99,0.0,19.666666666666668
2016-06-27 15:13:17,2016-06-27 16:17:06,3829.0,16.76,67.34,0.0,26.428571428571427
2016-05-19 05:10:57,2016-05-19 05:38:53,1676.0,0.0,69.99,0.0,12.766666666666667
2016-06-05 14:41:53,2016-06-05 15:49:45,4072.0,18.01,75.84,0.0,15.454545454545455
2016-05-19 15:16:56,2016-05-19 16:36:58,4802.0,22.1,58.34,0.0,17.4
2016-06-21 16:10:18,2016-06-21 17:44:11,5633.0,18.9,72.84,0.0,23.5
2016-05-22 04:25:42,2016-05-22 05:06:32,2450.0,18.22,66.0,1.79,12.133333333333333
2016-06-26 15:23:58,2016-06-26 16:26:31,3753.0,21.2,69.99,0.0,26.683333333333334
2016-06-29 11:47:10,2016-06-29 12:26:31,2361.0,16.6,69.99,0.0,26.7625
2016-06-23 15:32:32,2016-06-23 16:46:15,4423.0,17.5,69.99,0.0,22.316666666666666
2016-05-09 09:17:43,2016-05-09 10:05:56,2893.0,17.4,65.64,0.0,18.05
2016-05-10 19:30:34,2016-05-10 20:08:16,2262.0,16.74,62.84,0.0,14.716666666666667
2016-05-26 06:31:47,2016-05-26 07:09:57,2290.0,17.24,70.01,0.0,18.316666666666666
2016-05-24 17:34:33,2016-05-24 18:42:51,4098.0,0.0,75.39,0.0,17.7
2016-06-06 08:42:36,2016-06-06 09:24:35,2519.0,0.0,58.34,0.0,23.216666666666665
2016-05-30 15:17:08,2016-05-30 16:05:46,2918.0,20.39,58.34,0.0,8.475
2016-06-05 17:20:05,2016-06-05 18:08:38,2913.0,17.1,69.99,12.25,15.154545454545454
2016-05-12 16:55:23,2016-05-12 18:51:03,6940.0,22.75,123.94,0.0,17.27777777777778
2016-06-08 05:57:55,2016-06-08 06:32:49,2094.0,17.58,60.8,0.0,16.583333333333332
2016-06-03 12:35:59,2016-06-03 13:06:40,1841.0,16.27,58.34,0.0,13.885714285714286
2016-06-19 04:01:15,2016-06-19 04:33:53,1958.0,17.54,63.36,0.0,12.766666666666667
2016-05-21 12:24:24,2016-05-21 13:06:24,2520.0,17.18,52.8,0.0,17.883333333333333
2016-05-25 13:32:48,2016-05-25 14:17:49,2701.0,17.26,58.34,0.0,15.2
2016-06-12 19:26:42,2016-06-12 20:03:57,2235.0,17.8,65.0,0.0,17.033333333333335
2016-05-07 18:06:57,2016-05-07 18:52:49,2752.0,20.12,52.8,0.0,10.0
2016-05-21 08:28:10,2016-05-21 09:01:36,2006.0,17.57,58.34,0.0,11.033333333333333
2016-05-30 18:47:38,2016-05-30 19:22:06,2068.0,17.5,69.99,0.0,10.722222222222221
2016-06-22 13:01:53,2016-06-22 13:43:33,2500.0,16.57,63.88,0.0,30.0
2016-06-17 11:18:31,2016-06-17 12:11:42,3191.0,18.2,63.35,0.0,23.033333333333335
2016-06-26 17:25:49,2016-06-26 18:22:41,3412.0,19.03,72.92,0.0,16.75
2016-06-20 16:02:35,2016-06-20 17:15:27,4372.0,17.1,65.84,0.0,25.016666666666666
2016-05-31 17:50:16,2016-05-31 19:07:42,4646.0,17.99,62.84,0.0,24.08888888888889
2016-06-14 14:15:45,2016-06-14 15:57:05,6080.0,16.98,58.34,0.0,21.95
2016-05-20 15:12:57,2016-05-20 16:46:30,5613.0,17.1,70.46,0.0,23.15
2016-05-09 14:28:10,2016-05-09 15:37:09,4139.0,22.5,58.34,0.0,22.133333333333333
2016-06-10 06:50:05,2016-06-10 07:27:45,2260.0,16.49,70.01,0.0,13.185714285714285
2016-06-05 17:18:35,2016-06-05 18:11:00,3145.0,0.0,69.99,12.25,15.154545454545454
2016-05-12 12:11:05,2016-05-12 13:01:05,3000.0,16.88,72.92,0.0,15.1
2016-06-22 14:07:07,2016-06-23 14:03:04,86157.0,16.79,64.17,0.0,22.521333333333335
2016-05-29 16:30:11,2016-05-29 17:04:02,2031.0,16.9,60.34,0.0,19.716666666666665
2016-06-20 11:15:36,2016-06-20 12:01:32,2756.0,17.55,70.01,0.0,25.466666666666665
2016-06-08 19:45:49,2016-06-08 20:31:36,2747.0,17.58,62.84,0.0,17.416666666666668
2016-05-18 04:18:35,2016-05-18 04:42:07,1412.0,16.92,58.34,0.0,12.5
2016-05-12 08:04:02,2016-05-12 09:04:25,3623.0,17.7,69.99,0.0,15.916666666666666
2016-05-02 08:09:05,2016-05-02 09:04:17,3312.0,17.4,58.34,0.0,6.8090909090909095
2016-06-19 17:26:29,2016-06-19 18:36:46,4217.0,19.42,52.8,0.0,23.25
2016-05-10 12:44:07,2016-05-10 13:19:39,2132.0,17.07,72.92,0.0,16.4
2016-06-24 16:13:42,2016-06-24 17:34:51,4869.0,16.9,78.54,0.0,21.766666666666666
2016-05-20 08:40:40,2016-05-20 09:39:39,3539.0,18.27,52.8,0.0,15.183333333333334
2016-06-23 22:32:12,2016-06-23 23:06:08,2036.0,17.5,58.34,0.0,22.5
2016-06-02 20:42:36,2016-06-02 21:35:15,3159.0,17.7,63.37,0.0,14.122222222222222
2016-05-11 18:02:30,2016-05-11 19:01:38,3548.0,15.99,75.41,0.0,12.6
2016-06-16 10:21:52,2016-06-16 11:04:46,2574.0,18.09,68.34,0.0,21.4
2016-05-21 14:54:16,2016-05-21 15:34:02,2386.0,16.44,70.01,0.0,17.033333333333335
2016-06-08 16:45:46,2016-06-08 18:13:38,5272.0,17.04,69.5,0.29,12.67
2016-05-02 16:25:53,2016-05-02 17:29:15,3802.0,16.21,75.41,0.0,8.022222222222222
2016-06-03 14:51:55,2016-06-03 16:14:10,4935.0,15.6,52.8,0.0,11.533333333333333
2016-06-09 21:48:34,2016-06-09 22:40:54,3140.0,0.0,58.34,0.0,13.414285714285715
2016-06-29 15:00:20,2016-06-29 16:21:05,4845.0,17.39,58.34,0.0,24.45
2016-06-05 07:54:34,2016-06-05 08:23:37,1743.0,18.32,68.34,0.29,10.445454545454545
2016-06-09 14:57:54,2016-06-09 16:10:24,4350.0,15.2,52.8,0.0,19.963636363636365
2016-05-10 14:33:03,2016-05-10 15:20:48,2865.0,17.38,70.01,0.0,10.083333333333334
2016-06-04 14:12:44,2016-06-04 15:05:03,3139.0,17.2,68.34,0.0,26.466666666666665
2016-05-24 10:11:50,2016-05-24 11:08:02,3372.0,16.55,58.34,0.0,13.17142857142857
2016-06-25 17:42:19,2016-06-25 18:35:33,3194.0,17.05,72.92,0.0,21.116666666666667
2016-06-22 18:12:47,2016-06-22 19:44:14,5487.0,21.81,72.84,0.0,23.15
2016-06-12 07:02:42,2016-06-12 07:28:50,1568.0,17.35,52.8,0.0,27.4
2016-05-19 16:49:45,2016-05-19 18:08:20,4715.0,17.5,75.39,0.0,14.866666666666667
2016-06-20 04:04:27,2016-06-20 04:32:03,1656.0,17.95,58.34,0.0,18.333333333333332
2016-06-09 12:34:16,2016-06-09 13:14:04,2388.0,16.34,70.01,0.0,14.82857142857143
2016-05-05 13:32:19,2016-05-05 14:24:55,3156.0,17.7,63.8,0.0,11.5875
2016-05-23 13:11:26,2016-05-23 13:50:28,2342.0,17.3,69.99,0.0,7.766666666666667
2016-05-01 11:20:58,2016-05-01 11:51:19,1821.0,15.1,58.34,1.62,6.257142857142857
2016-05-26 18:32:01,2016-05-26 19:51:58,4797.0,0.0,67.3,0.0,26.083333333333332
2016-06-11 13:32:19,2016-06-11 14:18:36,2777.0,17.16,58.34,0.0,26.2
2016-05-03 13:59:00,2016-05-03 14:43:01,2641.0,16.87,58.34,0.29,7.777777777777778
2016-06-06 14:55:00,2016-06-06 16:04:56,4196.0,15.65,75.84,0.0,28.211111111111112
2016-06-20 15:18:58,2016-06-20 16:24:11,3913.0,0.0,58.34,0.0,25.566666666666666
2016-06-14 03:23:00,2016-06-14 03:53:15,1815.0,17.57,63.36,0.0,16.5
2016-05-13 11:58:33,2016-05-13 12:48:11,2978.0,17.3,73.34,0.0,12.725
2016-05-18 16:38:11,2016-05-18 17:38:53,3642.0,0.0,75.39,0.0,12.075
2016-05-14 09:50:39,2016-05-14 10:31:29,2450.0,17.93,58.34,0.0,12.68
2016-06-01 14:17:44,2016-06-01 15:17:35,3591.0,16.7,69.99,0.0,26.9
2016-05-04 14:57:31,2016-05-04 16:34:08,5797.0,19.02,52.8,1.04,2.4529411764705884
2016-06-19 17:19:45,2016-06-19 18:41:40,4915.0,16.8,58.34,0.0,23.25
2016-05-12 15:39:24,2016-05-12 17:01:11,4907.0,16.9,69.99,0.0,14.375
2016-05-31 12:45:34,2016-05-31 13:25:25,2391.0,20.15,70.01,0.0,22.85
2016-06-22 11:30:30,2016-06-22 12:05:53,2123.0,17.5,63.34,0.0,29.333333333333332
2016-06-21 04:55:36,2016-06-21 05:35:37,2401.0,20.25,58.34,0.0,20.816666666666666
2016-06-02 04:48:50,2016-06-02 05:17:11,1701.0,17.44,63.34,0.0,14.442857142857143
2016-05-14 20:44:15,2016-05-14 21:31:21,2826.0,17.95,63.36,0.0,10.85
2016-05-06 10:44:54,2016-05-06 11:41:35,3401.0,18.8,58.34,27.48,7.525
2016-05-23 04:50:17,2016-05-23 05:18:10,1673.0,0.0,58.34,0.0,13.05
2016-06-14 17:12:41,2016-06-14 18:47:10,5669.0,20.8,72.84,0.0,20.95
2016-05-25 13:28:49,2016-05-25 14:35:23,3994.0,18.25,58.34,0.0,15.2
2016-05-22 12:07:45,2016-05-22 12:44:01,2176.0,17.1,65.34,0.0,12.766666666666667
2016-05-29 05:26:18,2016-05-29 05:49:59,1421.0,17.3,70.01,0.0,21.1
2016-05-28 05:46:20,2016-05-28 06:14:14,1674.0,17.5,58.34,0.0,21.2
2016-05-18 07:05:21,2016-05-18 07:48:37,2596.0,17.71,58.34,0.0,13.3
2016-05-29 17:11:50,2016-05-29 17:55:55,2645.0,17.34,58.34,0.0,23.5
2016-05-27 12:26:31,2016-05-27 13:20:57,3266.0,16.9,69.99,0.0,12.866666666666667
2016-05-17 07:42:06,2016-05-17 08:25:23,2597.0,17.2,58.34,0.0,15.125
2016-05-21 16:30:43,2016-05-21 17:21:19,3036.0,18.2,52.8,0.0,16.75
2016-06-23 11:32:50,2016-06-23 12:10:16,2246.0,17.67,58.34,0.0,16.2
2016-05-12 09:31:53,2016-05-12 10:07:43,2150.0,16.8,72.89,0.0,20.366666666666667
2016-06-24 13:20:22,2016-06-24 14:26:37,3975.0,17.2,58.34,0.0,27.233333333333334
2016-06-20 04:31:55,2016-06-20 04:59:25,1650.0,17.7,58.34,0.0,18.333333333333332
2016-06-12 16:33:27,2016-06-12 17:12:38,2351.0,17.68,70.01,0.0,18.625
2016-05-16 10:41:11,2016-05-16 11:38:54,3463.0,21.68,68.34,0.0,12.9
2016-05-24 16:01:13,2016-05-24 17:35:14,5641.0,0.0,68.75,0.0,17.966666666666665
2016-05-16 16:12:32,2016-05-16 17:44:11,5499.0,16.9,62.84,0.0,9.575
2016-06-04 11:18:52,2016-06-04 11:57:41,2329.0,17.47,58.34,0.0,17.233333333333334
2016-06-19 14:24:24,2016-06-19 15:13:00,2916.0,0.0,58.34,0.0,26.3
2016-06-15 13:39:48,2016-06-15 15:27:11,6443.0,16.4,58.34,0.0,20.254545454545454
2016-06-20 16:00:46,2016-06-20 17:24:16,5010.0,17.66,62.84,0.0,25.016666666666666
2016-05-02 12:31:30,2016-05-02 13:12:34,2464.0,16.4,69.99,0.0,10.242857142857144
2016-06-19 13:58:24,2016-06-19 14:44:58,2794.0,16.86,70.01,0.0,26.483333333333334
2016-05-12 14:06:03,2016-05-12 15:18:55,4372.0,16.8,88.34,0.0,16.8
2016-06-09 15:34:52,2016-06-09 16:49:18,4466.0,16.29,70.01,0.0,19.142857142857142
2016-06-27 04:09:44,2016-06-27 04:37:55,1691.0,18.8,63.35,0.0,13.333333333333334
2016-06-28 09:47:17,2016-06-28 10:29:09,2512.0,16.4,75.84,0.0,21.85
2016-05-24 18:04:27,2016-05-24 19:10:08,3941.0,15.7,62.84,0.0,17.616666666666667
2016-06-20 18:20:41,2016-06-20 19:28:16,4055.0,17.53,62.84,0.0,20.3
2016-06-19 18:42:40,2016-06-19 19:27:14,2674.0,0.0,58.34,0.0,22.233333333333334
2016-06-28 13:02:34,2016-06-28 13:43:27,2453.0,17.02,75.84,0.0,22.766666666666666
2016-05-19 18:29:37,2016-05-19 19:18:23,2926.0,16.25,78.55,0.0,15.466666666666667
2016-06-08 20:07:09,2016-06-08 20:45:52,2323.0,17.6,69.99,0.0,17.233333333333334
2016-05-26 08:02:04,2016-05-26 09:07:05,3901.0,0.0,58.34,0.0,21.033333333333335
2016-06-26 05:03:50,2016-06-26 05:34:35,1845.0,17.9,69.99,0.0,13.5
2016-05-21 15:41:46,2016-05-21 16:23:28,2502.0,16.74,66.34,0.0,16.85
2016-06-24 17:14:56,2016-06-24 18:23:11,4095.0,17.7,75.39,0.0,20.733333333333334
2016-06-23 13:29:12,2016-06-23 14:21:29,3137.0,17.4,70.01,0.0,26.3
2016-05-11 18:04:23,2016-05-11 19:07:04,3761.0,20.6,75.39,0.0,12.6
2016-06-29 06:01:34,2016-06-29 06:37:23,2149.0,17.94,63.34,0.0,9.285714285714286
2016-06-26 18:08:52,2016-06-26 19:19:25,4233.0,19.9,58.34,0.0,19.9
2016-06-28 15:27:40,2016-06-28 16:45:28,4668.0,0.0,69.99,0.0,23.92
2016-05-12 06:21:27,2016-05-12 06:57:11,2144.0,17.3,58.34,0.0,14.633333333333333
2016-06-16 20:24:00,2016-06-16 20:59:20,2120.0,17.53,70.01,0.0,14.8
2016-05-14 07:28:58,2016-05-14 07:58:46,1788.0,17.4,72.89,0.0,11.866666666666667
2016-06-24 17:45:12,2016-06-24 18:53:49,4117.0,17.14,78.55,0.0,20.733333333333334
2016-05-12 07:05:28,2016-05-12 07:56:24,3056.0,17.4,58.34,0.0,17.4
2016-06-25 20:19:34,2016-06-25 20:48:20,1726.0,17.4,58.34,0.0,22.233333333333334
2016-05-31 16:03:15,2016-05-31 17:37:47,5672.0,22.89,62.84,0.0,25.666666666666668
2016-06-03 16:03:52,2016-06-03 17:13:44,4192.0,16.09,75.41,0.0,20.466666666666665
2016-05-08 17:11:12,2016-05-08 18:05:57,3285.0,17.95,58.34,0.0,17.6
2016-05-29 05:12:56,2016-05-29 05:38:05,1509.0,17.11,57.8,0.0,21.1
2016-06-01 04:45:36,2016-06-01 05:15:37,1801.0,17.86,63.36,0.0,10.366666666666667
2016-05-18 15:39:23,2016-05-18 16:41:43,3740.0,18.2,65.84,0.0,13.35
2016-05-12 12:29:24,2016-05-12 13:12:12,2568.0,17.06,58.34,0.0,15.1
2016-05-28 05:53:27,2016-05-28 06:23:29,1802.0,17.2,69.99,0.0,21.2
2016-06-03 04:37:36,2016-06-03 05:03:36,1560.0,18.02,58.34,0.0,17.816666666666666
2016-05-28 18:46:03,2016-05-28 19:25:13,2350.0,20.9,68.34,0.0,22.142857142857142
2016-06-01 13:09:16,2016-06-01 14:04:59,3343.0,17.99,70.01,0.0,26.966666666666665
2016-05-30 10:05:39,2016-05-30 10:39:44,2045.0,17.77,70.01,0.0,22.625
2016-06-28 14:45:17,2016-06-28 16:03:01,4664.0,16.41,58.34,0.0,23.866666666666667
2016-06-30 14:08:00,2016-06-30 16:00:08,6728.0,17.3,68.86,0.0,25.555555555555557
2016-05-18 15:29:00,2016-05-18 16:38:38,4178.0,17.7,63.35,0.0,13.35
2016-06-03 04:47:49,2016-06-03 05:16:38,1729.0,17.51,52.8,0.0,17.816666666666666
2016-06-19 06:55:39,2016-06-19 07:17:33,1314.0,17.06,70.01,0.0,17.683333333333334
2016-05-30 14:37:56,2016-05-30 15:20:10,2534.0,18.3,58.34,0.0,15.2125
2016-05-21 14:29:13,2016-05-21 15:33:39,3866.0,23.3,69.99,0.0,17.033333333333335
2016-06-27 14:16:41,2016-06-27 15:06:03,2962.0,16.9,71.34,0.0,26.742857142857144
2016-06-05 17:48:44,2016-06-05 18:31:44,2580.0,17.4,72.89,12.25,15.154545454545454
2016-06-22 08:25:05,2016-06-22 09:15:56,3051.0,16.95,63.34,0.0,20.916666666666668
2016-06-09 16:57:53,2016-06-09 18:37:49,5996.0,16.88,71.62,0.0,22.18
2016-06-27 07:36:31,2016-06-27 08:21:38,2707.0,17.66,68.34,0.0,22.216666666666665
2016-06-27 12:21:15,2016-06-27 13:08:11,2816.0,17.66,58.34,0.0,27.233333333333334
2016-06-07 17:26:19,2016-06-07 19:00:36,5657.0,19.8,68.75,0.0,16.94
2016-05-27 07:30:19,2016-05-27 08:15:26,2707.0,17.62,64.34,0.0,19.066666666666666
2016-05-31 09:21:37,2016-05-31 10:10:59,2962.0,17.98,69.42,0.0,20.642857142857142
2016-06-20 09:02:58,2016-06-20 09:48:58,2760.0,17.34,67.34,0.0,23.7
2016-06-19 19:13:53,2016-06-19 19:48:13,2060.0,17.82,58.34,0.0,21.5
2016-06-21 12:23:05,2016-06-21 13:16:56,3231.0,17.94,58.34,0.0,24.516666666666666
2016-06-14 07:23:51,2016-06-14 08:07:58,2647.0,17.35,58.34,0.0,17.333333333333332
2016-05-22 16:51:11,2016-05-22 18:04:21,4390.0,23.6,68.34,0.0,14.255555555555556
2016-06-07 14:38:41,2016-06-07 15:23:35,2694.0,16.46,58.34,0.0,23.67142857142857
2016-05-28 15:06:30,2016-05-28 16:00:00,3210.0,17.61,72.92,0.0,24.8
2016-06-03 07:01:06,2016-06-03 07:38:51,2265.0,17.52,70.01,0.29,17.8
2016-06-22 14:26:30,2016-06-22 16:10:02,6212.0,20.5,63.35,0.0,30.0
2016-06-26 17:56:13,2016-06-26 19:37:52,6099.0,20.8,58.34,0.0,19.066666666666666
2016-06-14 18:52:49,2016-06-14 19:55:36,3767.0,18.04,78.55,0.0,20.2
2016-06-17 06:56:09,2016-06-17 07:44:11,2882.0,17.94,71.96,0.0,20.55
2016-05-30 07:46:22,2016-05-30 08:14:53,1711.0,17.9,69.99,1.49,11.7
2016-06-27 20:33:48,2016-06-27 21:14:12,2424.0,18.22,72.92,1.2,22.5
2016-05-17 20:57:04,2016-05-17 21:29:46,1962.0,16.9,65.34,0.0,13.1
2016-05-21 10:27:34,2016-05-21 11:04:26,2212.0,0.0,58.34,0.0,13.9
2016-06-11 12:02:45,2016-06-11 12:40:39,2274.0,17.8,69.99,0.0,16.3
2016-05-31 05:03:24,2016-05-31 05:33:10,1786.0,17.93,67.14,0.0,21.3
2016-06-07 18:14:45,2016-06-07 19:25:11,4226.0,17.33,62.84,0.0,15.65
2016-06-12 11:30:38,2016-06-12 11:58:15,1657.0,16.3,58.34,0.0,18.533333333333335
2016-05-17 08:21:44,2016-05-17 09:02:46,2462.0,16.88,70.01,0.0,11.925
2016-05-07 19:37:10,2016-05-07 20:18:47,2497.0,17.8,70.01,0.0,11.233333333333333
2016-05-11 15:03:26,2016-05-11 16:21:29,4683.0,16.8,69.99,0.0,21.55
2016-05-26 12:46:35,2016-05-26 13:37:28,3053.0,17.64,66.04,0.0,30.566666666666666
2016-05-30 05:47:15,2016-05-30 06:13:31,1576.0,17.03,58.34,24.36,13.329411764705883
2016-06-18 17:16:33,2016-06-18 18:11:21,3288.0,17.2,69.99,0.0,20.85
2016-06-21 08:30:00,2016-06-21 09:04:54,2094.0,17.36,70.01,0.0,25.283333333333335
2016-05-30 13:13:13,2016-05-30 13:48:05,2092.0,17.3,58.34,0.0,25.9
2016-05-25 19:25:20,2016-05-25 20:17:20,3120.0,17.35,78.55,0.0,21.766666666666666
2016-06-28 18:13:02,2016-06-28 19:27:51,4489.0,17.7,62.84,0.0,20.055555555555557
2016-05-18 12:32:10,2016-05-18 13:22:20,3010.0,17.43,58.34,0.0,18.175
2016-05-04 09:06:46,2016-05-04 10:05:02,3496.0,17.3,63.35,0.0,9.371428571428572
2016-05-22 08:56:13,2016-05-22 09:21:41,1528.0,17.75,70.01,0.0,9.916666666666666
2016-05-15 13:56:37,2016-05-15 14:51:20,3283.0,22.1,58.34,0.0,8.883333333333333
2016-05-30 05:30:12,2016-05-30 06:00:30,1818.0,17.33,58.34,24.36,13.329411764705883
2016-06-05 11:51:39,2016-06-05 12:26:56,2117.0,18.27,70.01,20.4,11.2
2016-06-29 06:26:31,2016-06-29 07:02:23,2152.0,16.9,58.34,0.0,11.96923076923077
2016-05-31 09:26:16,2016-05-31 10:03:45,2249.0,16.56,67.09,0.0,20.642857142857142
2016-05-29 15:42:59,2016-05-29 16:25:54,2575.0,17.1,68.34,0.0,20.466666666666665
2016-06-07 14:41:18,2016-06-07 15:54:36,4398.0,17.23,64.34,0.0,23.67142857142857
2016-06-27 18:43:26,2016-06-27 19:43:04,3578.0,16.9,68.84,0.0,23.866666666666667
2016-05-08 15:13:42,2016-05-08 16:02:07,2905.0,17.41,70.01,0.0,18.166666666666668
2016-06-03 17:42:56,2016-06-03 19:08:06,5110.0,22.1,79.34,0.0,18.758333333333333
2016-05-31 11:50:20,2016-05-31 12:25:12,2092.0,17.36,64.94,0.0,26.283333333333335
2016-06-30 16:38:14,2016-06-30 17:55:07,4613.0,16.8,75.39,0.0,22.783333333333335
2016-06-24 09:40:45,2016-06-24 10:35:52,3307.0,17.6,61.8,0.0,25.083333333333332
2016-05-01 14:01:02,2016-05-01 14:56:14,3312.0,17.56,70.01,0.0,7.22
2016-05-22 07:23:46,2016-05-22 07:54:34,1848.0,17.6,63.35,0.0,12.966666666666667
2016-06-03 14:37:34,2016-06-03 15:42:44,3910.0,16.25,70.01,0.0,8.644444444444444
2016-05-05 16:21:51,2016-05-05 17:32:40,4249.0,16.88,62.84,0.0,13.4
2016-06-16 14:44:47,2016-06-16 16:11:36,5209.0,17.2,72.89,0.6,16.666666666666668
2016-06-22 17:37:43,2016-06-22 18:59:55,4932.0,16.38,75.41,0.0,24.166666666666668
2016-06-04 08:55:21,2016-06-04 09:27:54,1953.0,17.5,69.99,0.0,15.055555555555555
2016-06-28 06:22:53,2016-06-28 06:50:48,1675.0,16.8,58.34,0.0,21.68
2016-05-15 15:46:46,2016-05-15 17:05:23,4717.0,17.5,52.8,0.0,8.577777777777778
2016-06-12 14:23:57,2016-06-12 15:13:53,2996.0,16.9,58.34,0.0,27.05
2016-06-11 22:02:28,2016-06-11 22:34:28,1920.0,17.58,58.34,0.0,27.4
2016-05-16 10:17:06,2016-05-16 11:15:04,3478.0,17.6,58.34,0.0,12.9
2016-05-12 08:24:02,2016-05-12 09:10:52,2810.0,16.9,72.92,0.0,15.916666666666666
2016-06-30 15:04:38,2016-06-30 16:21:43,4625.0,17.5,58.34,0.0,23.9
2016-05-22 12:54:24,2016-05-22 13:32:36,2292.0,0.0,58.34,0.0,9.616666666666667
2016-05-19 15:04:51,2016-05-19 16:25:16,4825.0,17.5,52.8,0.0,17.4
2016-06-08 09:57:53,2016-06-08 10:47:28,2975.0,22.7,60.8,0.0,16.3
2016-06-06 13:01:58,2016-06-06 13:45:02,2584.0,17.46,70.01,0.0,27.966666666666665
2016-05-14 01:12:59,2016-05-14 01:53:17,2418.0,17.7,60.0,0.0,11.3
2016-06-26 21:19:56,2016-06-26 21:54:54,2098.0,17.37,58.34,0.0,23.333333333333332
2016-06-06 17:26:09,2016-06-06 18:42:53,4604.0,17.3,57.3,0.0,22.133333333333333
2016-05-11 10:51:04,2016-05-11 11:27:57,2213.0,17.4,75.84,0.0,13.516666666666667
2016-05-20 07:14:29,2016-05-20 08:15:17,3648.0,18.26,70.01,0.0,13.35
2016-05-25 18:06:48,2016-05-25 19:22:08,4520.0,17.21,75.41,0.0,22.5
2016-06-09 13:12:06,2016-06-09 14:10:41,3515.0,22.06,70.01,0.0,21.271428571428572
2016-05-21 10:53:22,2016-05-21 11:22:14,1732.0,17.2,58.34,0.0,13.9
2016-05-24 08:57:55,2016-05-24 09:34:54,2219.0,17.5,64.34,0.6,16.416666666666668
2016-06-05 12:06:11,2016-06-05 13:02:33,3382.0,19.86,70.01,7.65,13.92142857142857
2016-06-18 12:38:54,2016-06-18 13:48:14,4160.0,24.96,67.1,0.0,14.433333333333334
2016-05-27 15:36:06,2016-05-27 16:49:30,4404.0,0.0,58.34,0.0,24.816666666666666
2016-05-13 04:36:54,2016-05-13 05:04:13,1639.0,17.6,69.99,0.0,6.177777777777778
2016-06-16 17:34:34,2016-06-16 19:10:00,5726.0,17.49,75.41,0.0,19.81111111111111
2016-06-12 12:52:33,2016-06-12 13:40:41,2888.0,18.86,72.92,0.0,23.333333333333332
2016-06-26 18:07:10,2016-06-26 18:57:52,3042.0,22.4,69.99,0.0,16.1
2016-05-30 18:22:58,2016-05-30 19:06:42,2624.0,17.7,70.08,0.0,10.722222222222221
2016-06-06 11:51:04,2016-06-06 16:21:28,16224.0,0.0,73.38,0.0,27.694444444444443
2016-05-19 09:53:29,2016-05-19 10:48:35,3306.0,17.7,58.34,0.0,17.6
2016-06-12 13:15:24,2016-06-12 14:09:22,3238.0,17.83,58.34,0.0,27.883333333333333
2016-06-30 17:53:38,2016-06-30 19:23:59,5421.0,17.6,75.84,0.0,23.4
2016-05-31 13:02:44,2016-05-31 13:54:25,3101.0,17.29,58.34,0.0,19.233333333333334
2016-06-30 18:25:25,2016-06-30 19:27:44,3739.0,16.6,69.84,0.0,21.583333333333332
2016-05-16 05:49:13,2016-05-16 06:19:04,1791.0,0.0,58.34,0.0,4.633333333333333
2016-06-23 09:28:05,2016-06-23 10:22:24,3259.0,17.69,68.34,0.0,20.083333333333332
2016-06-18 18:32:20,2016-06-18 19:13:20,2460.0,17.21,58.34,0.0,19.633333333333333
2016-06-28 16:44:44,2016-06-28 18:04:23,4779.0,17.67,57.3,0.0,20.14666666666667
2016-05-17 11:52:36,2016-05-17 12:52:47,3611.0,17.42,52.8,0.0,12.8
2016-05-25 22:07:25,2016-05-25 22:49:10,2505.0,17.59,66.0,0.0,25.366666666666667
2016-05-30 19:59:12,2016-05-30 20:37:11,2279.0,17.92,52.8,0.0,15.366666666666667
2016-05-19 04:56:57,2016-05-19 05:26:22,1765.0,17.4,75.84,0.0,12.766666666666667
2016-06-18 16:15:37,2016-06-18 17:10:25,3288.0,15.48,70.01,0.0,26.3
2016-06-18 06:04:17,2016-06-18 06:34:38,1821.0,17.63,58.34,0.0,18.533333333333335
2016-06-09 13:50:17,2016-06-09 14:43:56,3219.0,15.96,70.01,0.0,21.271428571428572
2016-06-03 07:00:33,2016-06-03 07:46:50,2777.0,17.5,69.99,0.29,17.8
2016-05-27 09:25:37,2016-05-27 10:04:27,2330.0,16.5,69.99,0.0,25.566666666666666
2016-05-12 22:44:02,2016-05-12 23:49:05,3903.0,23.4,58.34,0.0,9.483333333333333
2016-05-12 13:56:11,2016-05-12 15:15:49,4778.0,16.87,72.92,0.0,19.52857142857143
2016-05-30 06:21:35,2016-05-30 06:48:57,1642.0,17.6,58.34,6.67,14.757142857142856
2016-05-20 12:25:44,2016-05-20 13:08:39,2575.0,17.9,58.34,0.0,23.15
2016-05-02 21:56:04,2016-05-02 22:32:04,2160.0,17.36,72.92,0.0,12.95
2016-06-25 18:51:52,2016-06-25 19:30:58,2346.0,17.58,58.34,0.0,23.983333333333334
2016-06-12 09:18:59,2016-06-12 09:48:27,1768.0,17.76,58.34,0.0,18.333333333333332
2016-05-27 13:20:29,2016-05-27 14:37:20,4611.0,17.75,70.01,0.0,22.033333333333335
2016-05-12 14:52:58,2016-05-12 16:27:21,5663.0,16.7,58.34,0.0,19.285714285714285
2016-05-05 06:42:56,2016-05-05 07:25:05,2529.0,17.12,65.34,0.0,6.5125
2016-06-19 10:28:53,2016-06-19 10:54:42,1549.0,16.5,58.34,0.0,25.766666666666666
2016-05-08 20:37:32,2016-05-08 21:15:18,2266.0,17.2,58.34,0.0,7.316666666666666
2016-06-08 11:10:11,2016-06-08 11:52:58,2567.0,17.12,58.34,0.0,12.566666666666666
2016-05-18 07:37:09,2016-05-18 08:14:05,2216.0,17.4,58.34,0.0,10.25
2016-05-23 08:50:10,2016-05-23 09:48:40,3510.0,18.7,60.8,0.0,15.283333333333333
2016-05-26 15:33:37,2016-05-26 17:04:25,5448.0,16.19,67.34,0.0,22.72222222222222
2016-05-26 14:31:54,2016-05-26 15:51:24,4770.0,17.26,72.92,0.0,29.916666666666668
2016-05-22 14:13:47,2016-05-22 14:53:11,2364.0,16.8,70.01,0.0,20.6
2016-06-06 01:53:24,2016-06-06 02:25:55,1951.0,17.48,52.8,0.0,7.0875
2016-05-20 17:08:14,2016-05-20 18:12:52,3878.0,17.18,75.41,0.0,13.45
2016-06-14 04:32:35,2016-06-14 04:58:45,1570.0,17.5,63.34,0.0,15.933333333333334
2016-05-18 13:31:02,2016-05-18 14:14:33,2611.0,20.66,76.34,0.0,13.325
2016-06-25 15:02:30,2016-06-25 16:09:45,4035.0,20.45,58.34,0.0,26.95
2016-06-09 20:08:07,2016-06-09 20:48:54,2447.0,17.1,66.34,0.0,20.366666666666667
2016-05-21 11:19:41,2016-05-21 11:57:17,2256.0,17.9,64.34,0.0,16.7
2016-05-09 07:49:44,2016-05-09 08:47:51,3487.0,18.4,52.8,0.0,9.433333333333334
2016-06-01 04:39:27,2016-06-01 05:09:45,1818.0,18.1,52.8,0.0,10.366666666666667
2016-06-30 21:13:11,2016-06-30 22:11:52,3521.0,22.33,72.92,0.0,20.166666666666668
2016-05-05 12:32:08,2016-05-05 13:40:46,4118.0,17.4,52.8,0.0,10.628571428571428
2016-05-04 14:59:26,2016-05-04 16:09:33,4207.0,0.0,58.34,1.04,2.4529411764705884
2016-06-22 10:42:18,2016-06-22 11:29:02,2804.0,18.2,69.99,0.0,28.133333333333333
2016-06-17 19:24:17,2016-06-17 20:21:50,3453.0,17.2,62.84,0.0,9.45
2016-06-09 09:51:40,2016-06-09 10:38:22,2802.0,0.0,68.34,0.0,14.366666666666667
2016-05-27 13:39:40,2016-05-27 14:34:02,3262.0,17.8,72.89,0.0,22.033333333333335
2016-05-01 15:08:03,2016-05-01 16:25:03,4620.0,21.9,67.0,1.28,5.0
2016-06-17 11:54:02,2016-06-17 12:38:45,2683.0,16.5,69.99,0.0,23.033333333333335
2016-05-26 15:24:01,2016-05-26 17:24:20,7219.0,16.5,58.34,0.0,22.72222222222222
2016-05-01 08:53:03,2016-05-01 09:31:45,2322.0,19.8,69.99,1.49,4.433333333333334
2016-05-11 17:47:59,2016-05-11 19:24:09,5770.0,18.34,57.3,0.0,15.377777777777778
2016-06-17 05:09:46,2016-06-17 05:38:23,1717.0,16.8,69.99,0.0,18.5
2016-05-28 17:29:43,2016-05-28 18:04:57,2114.0,17.84,66.34,0.0,16.833333333333332
2016-06-06 13:16:54,2016-06-06 14:06:05,2951.0,17.6,58.34,0.0,28.233333333333334
2016-06-29 18:45:51,2016-06-29 19:49:58,3847.0,17.14,75.41,0.0,22.666666666666668
2016-06-19 18:11:11,2016-06-19 18:55:37,2666.0,20.43,72.92,0.0,22.966666666666665
2016-05-20 20:54:07,2016-05-20 21:27:07,1980.0,16.8,66.34,0.0,14.8
2016-06-06 22:11:13,2016-06-06 22:51:06,2393.0,17.65,52.8,0.0,25.2
2016-06-28 20:09:13,2016-06-28 20:49:33,2420.0,20.5,69.99,0.0,21.9
2016-05-23 05:24:56,2016-05-23 05:50:14,1518.0,17.5,60.34,0.0,12.766666666666667
2016-05-13 10:13:05,2016-05-13 11:36:55,5030.0,21.9,72.89,0.0,10.16
2016-05-08 14:48:37,2016-05-08 15:54:37,3960.0,17.46,58.34,0.0,18.25
2016-05-13 19:56:10,2016-05-13 20:33:21,2231.0,17.2,75.39,0.0,10.3
2016-05-08 08:42:40,2016-05-08 09:14:26,1906.0,17.7,58.34,3.22,10.10909090909091
2016-06-13 15:02:58,2016-06-13 15:53:38,3040.0,0.0,74.6,0.0,23.3
2016-06-05 12:37:03,2016-06-05 13:44:30,4047.0,22.52,63.36,7.65,13.92142857142857
2016-05-04 13:13:48,2016-05-04 14:03:28,2980.0,18.11,58.34,0.65,3.11
2016-05-16 17:47:01,2016-05-16 18:56:52,4191.0,0.0,62.84,0.0,15.2
2016-05-26 15:29:45,2016-05-26 17:06:33,5808.0,17.9,72.92,0.0,22.72222222222222
2016-06-30 05:56:39,2016-06-30 06:31:24,2085.0,0.0,69.99,0.0,14.55
2016-05-13 18:08:06,2016-05-13 19:29:57,4911.0,17.9,72.84,3.4,6.1909090909090905
2016-05-09 19:17:26,2016-05-09 20:02:55,2729.0,18.3,62.84,0.0,18.966666666666665
2016-05-11 14:03:49,2016-05-11 15:05:38,3709.0,16.37,58.34,0.0,18.5
2016-05-09 15:39:35,2016-05-09 16:43:03,3808.0,13.9,69.99,0.0,21.966666666666665
2016-05-26 19:04:22,2016-05-26 19:53:14,2932.0,15.8,75.39,0.0,25.166666666666668
2016-05-02 17:17:56,2016-05-02 18:27:01,4145.0,17.25,63.84,0.0,5.72
2016-05-20 11:59:08,2016-05-20 12:46:45,2857.0,17.14,70.01,0.0,22.033333333333335
2016-06-18 13:03:43,2016-06-18 13:59:08,3325.0,16.4,58.94,0.0,9.8
2016-05-23 18:35:15,2016-05-23 19:28:35,3200.0,17.66,62.84,0.29,17.783333333333335
2016-05-12 18:52:39,2016-05-12 19:43:45,3066.0,16.4,57.3,0.0,16.483333333333334
2016-05-09 18:34:47,2016-05-09 19:27:19,3152.0,16.77,62.84,0.0,16.4
2016-05-11 14:57:58,2016-05-11 16:04:08,3970.0,14.79,70.01,0.0,19.488888888888887
2016-06-20 19:14:51,2016-06-20 20:06:58,3127.0,17.56,67.84,0.0,11.666666666666666
2016-05-04 16:10:35,2016-05-04 18:03:21,6766.0,17.9,62.84,1.04,2.9722222222222223
2016-05-17 07:31:41,2016-05-17 08:08:50,2229.0,17.07,58.34,0.0,15.125
2016-06-17 05:07:51,2016-06-17 05:32:19,1468.0,16.6,58.34,0.0,18.5
2016-05-12 12:07:40,2016-05-12 12:48:37,2457.0,14.8,70.01,0.0,7.033333333333333
2016-06-21 08:43:37,2016-06-21 09:27:16,2619.0,19.95,70.01,0.0,25.283333333333335
2016-06-09 10:55:26,2016-06-09 11:28:17,1971.0,16.5,70.01,0.0,15.0
2016-06-06 14:45:42,2016-06-06 15:56:08,4226.0,17.1,52.8,0.0,28.233333333333334
2016-05-09 05:25:24,2016-05-09 05:56:29,1865.0,17.2,65.34,0.0,11.666666666666666
2016-05-04 12:13:48,2016-05-04 12:52:58,2350.0,18.2,58.92,0.0,7.433333333333334
2016-05-13 09:55:35,2016-05-13 10:35:23,2388.0,17.06,58.34,0.0,11.544444444444444
2016-06-05 18:02:08,2016-06-05 19:18:48,4600.0,22.36,84.84,45.6,12.814285714285715
2016-06-18 16:33:38,2016-06-18 17:37:38,3840.0,18.08,70.01,0.0,26.3
2016-05-08 14:01:25,2016-05-08 14:47:42,2777.0,16.6,58.34,0.0,18.333333333333332
2016-05-31 10:27:25,2016-05-31 11:11:15,2630.0,17.95,70.01,0.0,25.466666666666665
2016-05-09 14:59:24,2016-05-09 16:15:25,4561.0,17.27,58.34,0.0,22.11111111111111
2016-05-13 05:02:54,2016-05-13 05:30:57,1683.0,17.43,58.34,0.0,2.56
2016-05-12 14:49:25,2016-05-12 16:01:29,4324.0,0.0,62.8,0.0,19.285714285714285
2016-05-15 12:14:05,2016-05-15 13:29:23,4518.0,18.3,58.34,0.0,9.214285714285714
2016-06-26 05:20:47,2016-06-26 05:45:34,1487.0,17.13,70.01,0.0,13.5
2016-06-24 14:59:06,2016-06-24 16:59:48,7242.0,19.8,72.89,0.0,27.055555555555557
2016-06-29 10:28:32,2016-06-29 11:15:52,2840.0,23.14,70.01,0.0,22.7375
2016-05-03 13:14:21,2016-05-03 14:09:10,3289.0,17.54,52.8,0.29,7.777777777777778
2016-06-24 06:29:30,2016-06-24 07:07:31,2281.0,17.24,72.92,0.0,22.033333333333335
2016-05-28 13:55:13,2016-05-28 14:49:27,3254.0,20.79,52.8,0.0,29.616666666666667
2016-06-19 09:31:09,2016-06-19 10:02:22,1873.0,17.13,58.34,0.0,20.85
2016-06-22 13:10:36,2016-06-22 13:58:54,2898.0,17.46,58.34,0.0,30.0
2016-05-15 14:33:41,2016-05-15 15:28:02,3261.0,17.1,58.34,0.0,8.7
2016-06-15 14:21:46,2016-06-15 16:07:40,6354.0,22.82,58.34,0.0,19.645454545454545
2016-06-09 14:02:00,2016-06-09 15:13:05,4265.0,16.35,58.34,0.0,19.0375
2016-06-18 06:19:58,2016-06-18 06:49:08,1750.0,17.32,66.34,0.0,18.533333333333335
2016-06-09 12:56:24,2016-06-09 13:45:49,2965.0,16.86,58.34,0.0,14.82857142857143
2016-05-07 15:12:37,2016-05-07 16:01:34,2937.0,22.47,63.36,0.0,10.78
2016-06-16 07:07:53,2016-06-16 08:04:24,3391.0,21.82,68.42,7.12,17.816666666666666
2016-06-12 19:31:26,2016-06-12 20:06:22,2096.0,17.2,58.34,0.0,17.033333333333335
2016-05-15 09:56:17,2016-05-15 10:28:57,1960.0,17.57,70.01,0.0,10.9
2016-05-30 05:12:39,2016-05-30 05:39:00,1581.0,17.7,63.39,24.36,12.33
2016-06-13 08:18:54,2016-06-13 09:05:38,2804.0,18.01,70.01,0.0,17.666666666666668
2016-05-08 09:06:22,2016-05-08 09:38:35,1933.0,17.8,72.92,0.6,11.4
2016-06-05 12:49:42,2016-06-05 13:25:07,2125.0,17.6,60.34,7.65,13.92142857142857
2016-05-27 14:39:47,2016-05-27 15:49:01,4154.0,16.5,58.34,0.0,25.566666666666666
2016-05-13 08:40:44,2016-05-13 09:29:36,2932.0,17.46,70.3,0.0,15.028571428571428
2016-06-15 18:15:42,2016-06-15 19:26:01,4219.0,0.0,65.84,0.0,15.666666666666666
2016-05-17 06:24:35,2016-05-17 06:54:47,1812.0,17.11,67.34,0.0,4.433333333333334
2016-06-14 05:21:46,2016-06-14 05:50:38,1732.0,17.51,58.34,0.0,10.4
2016-06-17 04:53:59,2016-06-17 05:22:24,1705.0,17.6,69.99,0.0,18.416666666666668
2016-06-27 13:50:32,2016-06-27 14:38:40,2888.0,17.6,63.34,0.0,27.133333333333333
2016-05-14 14:29:50,2016-05-14 15:34:37,3887.0,16.64,58.34,0.0,12.583333333333334
2016-06-22 20:43:23,2016-06-22 21:23:47,2424.0,17.13,58.34,0.0,22.5
2016-06-23 07:09:12,2016-06-23 07:47:02,2270.0,17.13,66.34,0.0,22.4
2016-05-23 20:21:43,2016-05-23 21:05:19,2616.0,18.04,57.8,0.0,17.7
2016-05-22 04:42:09,2016-05-22 05:09:57,1668.0,16.7,70.01,1.79,12.133333333333333
2016-05-11 19:20:58,2016-05-11 19:59:00,2282.0,0.0,62.84,0.0,5.366666666666667
2016-05-09 04:49:06,2016-05-09 05:19:19,1813.0,17.83,63.36,0.0,11.466666666666667
2016-05-26 04:43:19,2016-05-26 05:07:48,1469.0,16.8,70.34,0.0,20.633333333333333
2016-05-20 14:20:02,2016-05-20 15:14:32,3270.0,14.7,58.34,0.0,23.233333333333334
2016-06-03 03:58:50,2016-06-03 04:31:16,1946.0,17.9,63.35,0.0,17.783333333333335
2016-05-31 18:45:01,2016-05-31 19:37:12,3131.0,16.5,62.84,0.0,23.533333333333335
2016-06-04 08:38:01,2016-06-04 09:21:18,2597.0,17.6,58.34,0.0,15.055555555555555
2016-05-13 22:47:04,2016-05-13 23:35:20,2896.0,16.67,58.34,0.0,17.625
2016-05-31 12:10:38,2016-05-31 12:52:35,2517.0,0.0,58.34,0.0,26.466666666666665
2016-06-14 15:30:43,2016-06-14 16:54:50,5047.0,20.74,58.34,0.0,26.483333333333334
2016-06-23 17:35:17,2016-06-23 18:45:24,4207.0,17.2,75.41,0.0,20.933333333333334
2016-06-03 07:45:58,2016-06-03 08:33:08,2830.0,17.26,58.34,0.6,17.6
2016-05-18 12:41:32,2016-05-18 13:50:00,4108.0,17.5,66.0,0.0,18.175
2016-06-20 04:52:17,2016-06-20 05:18:13,1556.0,17.33,66.34,0.0,18.333333333333332
2016-05-23 18:49:47,2016-05-23 19:39:36,2989.0,17.9,62.84,0.29,17.783333333333335
2016-05-10 04:41:21,2016-05-10 05:09:32,1691.0,18.4,63.34,0.0,7.15
2016-05-02 09:43:25,2016-05-02 10:34:38,3073.0,17.37,75.84,0.0,6.066666666666666
2016-05-21 14:31:37,2016-05-21 15:24:10,3153.0,18.04,58.34,0.0,17.033333333333335
2016-05-30 21:09:51,2016-05-30 21:42:20,1949.0,17.3,58.34,0.0,15.533333333333333
2016-05-13 10:03:51,2016-05-13 11:02:41,3530.0,17.1,63.35,0.0,10.16
2016-06-29 05:59:51,2016-06-29 06:31:05,1874.0,16.8,60.34,0.0,10.0
2016-05-16 18:43:20,2016-05-16 19:31:54,2914.0,0.0,57.3,0.0,18.783333333333335
2016-06-21 12:10:21,2016-06-21 12:52:51,2550.0,0.0,66.34,0.0,19.066666666666666
2016-06-09 17:52:59,2016-06-09 19:15:41,4962.0,17.66,62.84,0.0,21.79
2016-05-22 10:17:49,2016-05-22 10:52:38,2089.0,17.8,52.8,0.0,16.133333333333333
2016-06-07 09:56:35,2016-06-07 10:46:40,3005.0,17.27,62.34,0.0,21.666666666666668
2016-05-18 18:45:17,2016-05-18 20:12:18,5221.0,16.66,62.84,0.0,14.244444444444444
2016-05-28 03:43:49,2016-05-28 04:09:54,1565.0,17.8,58.34,0.0,21.383333333333333
2016-05-22 18:16:50,2016-05-22 18:55:45,2335.0,17.33,58.34,0.0,18.133333333333333
2016-05-22 11:27:16,2016-05-22 12:01:52,2076.0,17.5,63.35,0.0,15.733333333333333
2016-05-21 09:49:43,2016-05-21 10:20:45,1862.0,17.73,70.01,0.0,11.016666666666667
2016-05-09 16:03:10,2016-05-09 17:19:16,4566.0,16.6,75.39,0.0,21.683333333333334
2016-05-10 16:36:05,2016-05-10 17:41:18,3913.0,16.6,62.84,0.0,15.466666666666667
2016-05-21 08:38:58,2016-05-21 09:16:22,2244.0,18.3,52.8,0.0,11.033333333333333
2016-06-12 15:25:50,2016-06-12 16:25:24,3574.0,19.2,52.8,0.0,19.5875
2016-05-19 08:12:38,2016-05-19 09:12:07,3569.0,19.15,57.8,0.0,13.816666666666666
2016-05-31 17:20:36,2016-05-31 18:36:57,4581.0,15.9,62.84,0.0,24.733333333333334
2016-05-19 14:09:59,2016-05-19 15:26:38,4599.0,18.01,70.01,0.0,14.7
2016-05-25 18:33:17,2016-05-25 19:36:40,3803.0,16.3,71.1,0.0,22.5
2016-06-15 19:33:27,2016-06-15 20:25:39,3132.0,22.6,72.84,0.0,15.833333333333334
2016-05-18 14:15:36,2016-05-18 15:21:14,3938.0,0.0,52.8,0.0,13.2
2016-06-09 11:42:40,2016-06-09 12:17:29,2089.0,16.4,70.34,0.0,11.1
2016-06-14 08:24:23,2016-06-14 09:15:19,3056.0,0.0,58.34,0.0,18.533333333333335
2016-05-05 18:04:50,2016-05-05 19:06:21,3691.0,16.2,62.7,0.0,11.3875
2016-06-15 16:00:36,2016-06-15 17:37:30,5814.0,0.0,62.84,0.0,25.916666666666668
2016-05-25 05:34:43,2016-05-25 06:04:01,1758.0,17.06,70.01,0.0,14.083333333333334
2016-05-15 08:05:58,2016-05-15 08:40:19,2061.0,18.5,69.99,0.0,12.2
2016-05-30 04:47:30,2016-05-30 05:21:22,2032.0,18.4,63.35,27.85,11.81904761904762
2016-05-23 17:07:19,2016-05-23 18:23:27,4568.0,18.19,62.84,0.29,15.0
2016-05-26 20:27:44,2016-05-26 21:19:41,3117.0,16.87,58.34,0.0,19.183333333333334
2016-05-22 08:46:45,2016-05-22 09:16:22,1777.0,17.1,66.34,0.0,9.916666666666666
2016-05-19 11:05:20,2016-05-19 12:00:08,3288.0,23.2,58.34,0.0,16.116666666666667
2016-06-03 14:01:45,2016-06-03 14:53:07,3082.0,17.2,68.34,0.0,7.9
2016-05-08 06:18:39,2016-05-08 06:49:05,1826.0,21.73,70.01,0.0,6.833333333333333
2016-06-08 16:55:20,2016-06-08 19:04:28,7748.0,17.9,62.84,0.29,13.807692307692308
2016-06-13 19:10:40,2016-06-13 19:49:01,2301.0,17.2,75.39,0.0,14.1
